Hour Slot,count,time,temperature_2m,relative_humidity_2m,precipitation,windspeed_10m,apparent_temperature,windgusts_10m,weathercode
01/01/2024 00,462,2024-01-01T00:00,0.0,85.0,0.1,30.4,-6.9,44.3,71
01/01/2024 01,522,2024-01-01T01:00,0.1,86.0,0.1,30.1,-6.7,44.6,71
01/01/2024 02,490,2024-01-01T02:00,0.4,85.0,0.1,27.8,-6.1,43.6,71
01/01/2024 03,269,2024-01-01T03:00,0.2,85.0,0.0,25.4,-6.0,40.0,3
01/01/2024 04,150,2024-01-01T04:00,-0.3,85.0,0.0,23.1,-6.2,36.4,3
01/01/2024 05,115,2024-01-01T05:00,-1.1,86.0,0.0,23.4,-7.1,33.5,3
01/01/2024 06,126,2024-01-01T06:00,-1.5,86.0,0.0,23.4,-7.5,33.8,3
01/01/2024 07,117,2024-01-01T07:00,-1.4,81.0,0.0,20.9,-7.2,32.4,3
01/01/2024 08,161,2024-01-01T08:00,-1.9,80.0,0.0,18.3,-7.3,29.5,1
01/01/2024 09,257,2024-01-01T09:00,-1.7,78.0,0.0,16.1,-6.9,26.3,0
01/01/2024 10,324,2024-01-01T10:00,-0.9,73.0,0.0,14.5,-5.9,25.2,0
01/01/2024 11,458,2024-01-01T11:00,-0.2,67.0,0.0,13.3,-5.0,24.1,0
01/01/2024 12,503,2024-01-01T12:00,0.3,62.0,0.0,11.8,-4.3,23.4,1
01/01/2024 13,583,2024-01-01T13:00,1.0,60.0,0.0,14.5,-4.0,24.8,2
01/01/2024 14,587,2024-01-01T14:00,1.0,59.0,0.0,14.8,-4.1,25.2,0
01/01/2024 15,531,2024-01-01T15:00,0.7,58.0,0.0,14.4,-4.3,24.5,0
01/01/2024 16,570,2024-01-01T16:00,-0.3,66.0,0.0,13.3,-5.1,22.3,0
01/01/2024 17,580,2024-01-01T17:00,-1.7,72.0,0.0,12.4,-6.4,18.4,0
01/01/2024 18,543,2024-01-01T18:00,-2.6,75.0,0.0,11.4,-7.2,16.6,0
01/01/2024 19,586,2024-01-01T19:00,-2.1,72.0,0.0,12.9,-7.0,18.0,3
01/01/2024 20,621,2024-01-01T20:00,-2.2,73.0,0.0,16.1,-7.5,22.7,3
01/01/2024 21,408,2024-01-01T21:00,-2.7,75.0,0.0,17.4,-8.2,24.5,3
01/01/2024 22,322,2024-01-01T22:00,-3.0,76.0,0.0,18.1,-8.6,25.2,1
01/01/2024 23,226,2024-01-01T23:00,-3.5,77.0,0.0,17.9,-9.1,25.6,1
01/02/2024 00,215,2024-01-02T00:00,-4.0,79.0,0.0,18.9,-9.8,26.3,0
01/02/2024 01,110,2024-01-02T01:00,-4.5,81.0,0.0,17.6,-10.1,27.0,0
01/02/2024 02,47,2024-01-02T02:00,-4.8,82.0,0.0,16.9,-10.3,24.8,0
01/02/2024 03,36,2024-01-02T03:00,-5.0,83.0,0.0,16.3,-10.4,24.1,0
01/02/2024 04,53,2024-01-02T04:00,-5.0,84.0,0.0,16.9,-10.5,23.8,0
01/02/2024 05,136,2024-01-02T05:00,-4.9,85.0,0.0,17.6,-10.5,24.8,0
01/02/2024 06,294,2024-01-02T06:00,-4.9,86.0,0.0,17.4,-10.4,24.8,0
01/02/2024 07,466,2024-01-02T07:00,-4.9,88.0,0.0,18.1,-10.5,24.8,0
01/02/2024 08,661,2024-01-02T08:00,-4.3,85.0,0.0,21.3,-10.4,29.5,0
01/02/2024 09,729,2024-01-02T09:00,-2.9,78.0,0.0,22.4,-9.1,33.1,3
01/02/2024 10,790,2024-01-02T10:00,-1.3,73.0,0.0,24.9,-7.8,37.8,0
01/02/2024 11,769,2024-01-02T11:00,0.4,69.0,0.0,27.0,-6.3,41.0,3
01/02/2024 12,837,2024-01-02T12:00,1.4,67.0,0.0,27.1,-5.3,42.1,3
01/02/2024 13,929,2024-01-02T13:00,1.9,65.0,0.0,26.8,-4.7,41.4,3
01/02/2024 14,871,2024-01-02T14:00,2.1,66.0,0.0,23.9,-4.0,40.3,3
01/02/2024 15,874,2024-01-02T15:00,2.1,69.0,0.0,21.4,-3.6,35.6,3
01/02/2024 16,908,2024-01-02T16:00,1.7,73.0,0.0,19.6,-3.7,31.0,3
01/02/2024 17,942,2024-01-02T17:00,1.0,75.0,0.0,18.5,-4.3,28.1,3
01/02/2024 18,769,2024-01-02T18:00,0.4,78.0,0.0,19.2,-4.9,27.4,2
01/02/2024 19,707,2024-01-02T19:00,-1.0,80.0,0.0,14.4,-5.8,24.5,0
01/02/2024 20,587,2024-01-02T20:00,-2.0,84.0,0.0,13.0,-6.6,19.8,0
01/02/2024 21,479,2024-01-02T21:00,-2.4,86.0,0.0,11.9,-6.9,17.6,2
01/02/2024 22,350,2024-01-02T22:00,-2.1,87.0,0.0,11.3,-6.4,16.6,3
01/02/2024 23,248,2024-01-02T23:00,-1.8,87.0,0.0,10.4,-6.0,15.1,3
01/03/2024 00,231,2024-01-03T00:00,-1.4,84.0,0.0,10.8,-5.7,15.5,3
01/03/2024 01,130,2024-01-03T01:00,-1.4,84.0,0.0,11.5,-5.7,16.6,3
01/03/2024 02,59,2024-01-03T02:00,-1.4,85.0,0.0,11.7,-5.8,16.6,3
01/03/2024 03,49,2024-01-03T03:00,-1.3,85.0,0.0,12.2,-5.7,17.3,3
01/03/2024 04,47,2024-01-03T04:00,-1.3,85.0,0.0,11.9,-5.6,17.3,3
01/03/2024 05,115,2024-01-03T05:00,-1.3,86.0,0.0,11.2,-5.5,16.9,3
01/03/2024 06,249,2024-01-03T06:00,-1.2,87.0,0.0,10.1,-5.3,15.8,3
01/03/2024 07,510,2024-01-03T07:00,-1.4,88.0,0.0,10.1,-5.4,14.4,3
01/03/2024 08,809,2024-01-03T08:00,-1.1,85.0,0.0,10.5,-5.3,14.8,3
01/03/2024 09,870,2024-01-03T09:00,-0.4,80.0,0.0,11.8,-4.8,18.0,3
01/03/2024 10,845,2024-01-03T10:00,0.1,79.0,0.0,12.0,-4.2,19.1,3
01/03/2024 11,873,2024-01-03T11:00,1.1,70.0,0.0,13.6,-3.5,21.2,3
01/03/2024 12,859,2024-01-03T12:00,1.5,68.0,0.0,17.2,-3.6,27.0,3
01/03/2024 13,930,2024-01-03T13:00,1.5,68.0,0.0,16.1,-3.5,27.0,3
01/03/2024 14,939,2024-01-03T14:00,1.7,66.0,0.0,15.8,-3.3,25.2,3
01/03/2024 15,947,2024-01-03T15:00,1.7,66.0,0.0,16.0,-3.4,24.8,3
01/03/2024 16,1021,2024-01-03T16:00,1.3,73.0,0.0,12.5,-3.1,23.4,3
01/03/2024 17,981,2024-01-03T17:00,0.9,76.0,0.0,11.5,-3.3,17.6,3
01/03/2024 18,822,2024-01-03T18:00,0.7,77.0,0.0,12.2,-3.7,16.9,3
01/03/2024 19,698,2024-01-03T19:00,0.0,77.0,0.0,13.4,-4.6,18.7,3
01/03/2024 20,589,2024-01-03T20:00,-0.3,79.0,0.0,13.2,-4.9,18.7,1
01/03/2024 21,376,2024-01-03T21:00,-0.5,80.0,0.0,14.8,-5.3,20.5,2
01/03/2024 22,250,2024-01-03T22:00,-1.3,85.0,0.0,14.5,-6.1,20.9,1
01/03/2024 23,250,2024-01-03T23:00,-1.5,86.0,0.0,14.9,-6.3,20.9,0
01/04/2024 00,242,2024-01-04T00:00,-1.8,88.0,0.0,16.2,-6.8,22.0,0
01/04/2024 01,112,2024-01-04T01:00,-1.6,82.0,0.0,18.7,-7.1,25.6,0
01/04/2024 02,45,2024-01-04T02:00,-1.1,73.0,0.0,19.7,-6.8,27.4,0
01/04/2024 03,34,2024-01-04T03:00,-1.6,75.0,0.0,19.8,-7.4,28.4,0
01/04/2024 04,47,2024-01-04T04:00,-2.8,81.0,0.0,18.9,-8.4,27.7,0
01/04/2024 05,125,2024-01-04T05:00,-3.0,84.0,0.0,18.0,-8.4,27.0,0
01/04/2024 06,252,2024-01-04T06:00,-2.6,83.0,0.0,16.1,-7.7,25.2,0
01/04/2024 07,513,2024-01-04T07:00,-2.2,74.0,0.0,14.7,-7.2,22.3,2
01/04/2024 08,768,2024-01-04T08:00,-2.4,76.0,0.0,13.5,-7.3,20.9,1
01/04/2024 09,851,2024-01-04T09:00,-1.7,73.0,0.0,13.2,-6.6,20.9,0
01/04/2024 10,790,2024-01-04T10:00,-0.8,66.0,0.0,12.9,-5.6,21.6,0
01/04/2024 11,829,2024-01-04T11:00,-0.3,60.0,0.0,11.2,-4.9,22.0,0
01/04/2024 12,927,2024-01-04T12:00,0.1,58.0,0.0,6.1,-3.8,20.2,2
01/04/2024 13,1007,2024-01-04T13:00,0.3,58.0,0.0,2.2,-3.1,15.1,2
01/04/2024 14,994,2024-01-04T14:00,0.5,56.0,0.0,0.5,-2.6,10.4,2
01/04/2024 15,1024,2024-01-04T15:00,0.6,54.0,0.0,3.7,-3.0,9.4,2
01/04/2024 16,986,2024-01-04T16:00,0.0,69.0,0.0,6.0,-3.7,9.7,0
01/04/2024 17,1074,2024-01-04T17:00,-2.0,75.0,0.0,6.4,-5.8,7.9,1
01/04/2024 18,844,2024-01-04T18:00,-2.8,79.0,0.0,8.8,-7.0,10.8,0
01/04/2024 19,758,2024-01-04T19:00,-3.6,82.0,0.0,8.8,-7.8,13.7,2
01/04/2024 20,644,2024-01-04T20:00,-4.3,85.0,0.0,7.1,-8.3,11.2,3
01/04/2024 21,376,2024-01-04T21:00,-4.9,87.0,0.0,6.7,-8.8,9.0,1
01/04/2024 22,328,2024-01-04T22:00,-5.0,88.0,0.0,5.9,-8.8,8.3,3
01/04/2024 23,255,2024-01-04T23:00,-4.7,87.0,0.0,5.0,-8.4,7.6,0
01/05/2024 00,187,2024-01-05T00:00,-4.8,88.0,0.0,4.9,-8.5,6.5,0
01/05/2024 01,90,2024-01-05T01:00,-5.7,89.0,0.0,6.1,-9.7,7.9,0
01/05/2024 02,59,2024-01-05T02:00,-5.8,88.0,0.0,9.0,-10.1,11.2,3
01/05/2024 03,51,2024-01-05T03:00,-5.8,86.0,0.0,9.4,-10.2,11.9,3
01/05/2024 04,63,2024-01-05T04:00,-5.4,85.0,0.0,9.7,-9.8,12.6,3
01/05/2024 05,101,2024-01-05T05:00,-5.4,86.0,0.0,10.4,-10.0,13.3,3
01/05/2024 06,212,2024-01-05T06:00,-5.2,86.0,0.0,10.0,-9.7,13.7,3
01/05/2024 07,403,2024-01-05T07:00,-4.3,85.0,0.0,10.9,-8.9,17.3,3
01/05/2024 08,626,2024-01-05T08:00,-3.8,85.0,0.0,10.7,-8.3,14.4,2
01/05/2024 09,739,2024-01-05T09:00,-2.4,75.0,0.0,12.1,-7.1,19.4,3
01/05/2024 10,743,2024-01-05T10:00,-0.7,71.0,0.0,11.0,-5.1,19.4,3
01/05/2024 11,805,2024-01-05T11:00,0.6,68.0,0.0,10.8,-3.8,19.8,3
01/05/2024 12,828,2024-01-05T12:00,1.0,65.0,0.0,11.5,-3.4,19.8,2
01/05/2024 13,908,2024-01-05T13:00,1.5,65.0,0.0,10.0,-2.7,20.9,2
01/05/2024 14,916,2024-01-05T14:00,1.7,63.0,0.0,15.1,-3.2,23.4,3
01/05/2024 15,967,2024-01-05T15:00,1.6,64.0,0.0,10.7,-2.7,25.9,3
01/05/2024 16,951,2024-01-05T16:00,0.7,73.0,0.0,8.9,-3.3,16.9,3
01/05/2024 17,978,2024-01-05T17:00,-0.7,78.0,0.0,9.7,-4.8,12.6,3
01/05/2024 18,816,2024-01-05T18:00,-0.5,76.0,0.0,11.3,-4.8,14.8,3
01/05/2024 19,782,2024-01-05T19:00,-0.1,74.0,0.0,15.5,-5.1,21.6,3
01/05/2024 20,623,2024-01-05T20:00,-0.1,73.0,0.0,16.9,-5.3,24.5,3
01/05/2024 21,434,2024-01-05T21:00,-0.3,74.0,0.0,15.6,-5.3,23.8,3
01/05/2024 22,388,2024-01-05T22:00,-0.5,76.0,0.0,17.5,-5.7,24.8,3
01/05/2024 23,283,2024-01-05T23:00,-0.8,79.0,0.2,14.8,-5.6,24.8,71
01/06/2024 00,227,2024-01-06T00:00,-1.0,83.0,0.5,16.4,-6.1,23.4,73
01/06/2024 01,169,2024-01-06T01:00,-1.1,86.0,0.5,16.3,-6.0,23.8,73
01/06/2024 02,89,2024-01-06T02:00,-0.9,85.0,0.4,15.4,-5.7,23.4,73
01/06/2024 03,71,2024-01-06T03:00,-1.0,85.0,0.5,14.6,-5.7,21.6,73
01/06/2024 04,70,2024-01-06T04:00,-1.2,87.0,0.6,14.9,-6.0,21.2,73
01/06/2024 05,68,2024-01-06T05:00,-1.3,88.0,0.4,14.6,-6.0,21.6,73
01/06/2024 06,123,2024-01-06T06:00,-1.3,90.0,0.4,13.2,-5.7,20.9,73
01/06/2024 07,172,2024-01-06T07:00,-1.0,91.0,0.2,11.7,-5.2,16.9,71
01/06/2024 08,230,2024-01-06T08:00,-0.9,90.0,0.1,10.4,-4.9,16.6,71
01/06/2024 09,414,2024-01-06T09:00,-0.7,88.0,0.1,11.2,-4.9,16.2,71
01/06/2024 10,531,2024-01-06T10:00,-0.4,88.0,0.1,12.5,-4.7,19.4,71
01/06/2024 11,545,2024-01-06T11:00,-0.4,89.0,0.1,10.4,-4.4,19.4,71
01/06/2024 12,586,2024-01-06T12:00,-0.3,88.0,0.2,9.1,-4.1,16.6,71
01/06/2024 13,589,2024-01-06T13:00,-0.1,88.0,0.1,8.5,-3.7,15.5,71
01/06/2024 14,637,2024-01-06T14:00,0.2,88.0,0.1,7.2,-3.2,14.4,51
01/06/2024 15,654,2024-01-06T15:00,0.3,88.0,0.0,4.5,-2.7,12.2,3
01/06/2024 16,647,2024-01-06T16:00,0.3,88.0,0.0,4.2,-2.6,8.6,3
01/06/2024 17,647,2024-01-06T17:00,-0.2,93.0,0.0,5.4,-3.3,7.6,3
01/06/2024 18,586,2024-01-06T18:00,-0.1,94.0,0.1,5.0,-3.1,7.2,71
01/06/2024 19,610,2024-01-06T19:00,-0.3,95.0,0.2,4.8,-3.3,8.6,71
01/06/2024 20,504,2024-01-06T20:00,-0.3,96.0,0.1,4.7,-3.3,6.5,71
01/06/2024 21,408,2024-01-06T21:00,-0.4,96.0,0.1,5.4,-3.5,7.2,71
01/06/2024 22,397,2024-01-06T22:00,-0.5,97.0,0.2,6.6,-3.7,9.4,71
01/06/2024 23,316,2024-01-06T23:00,-0.6,97.0,0.2,7.2,-3.9,10.1,71
01/07/2024 00,269,2024-01-07T00:00,-0.6,96.0,0.2,9.0,-4.3,12.6,71
01/07/2024 01,235,2024-01-07T01:00,-0.7,95.0,0.2,11.0,-4.6,15.5,71
01/07/2024 02,148,2024-01-07T02:00,-0.8,95.0,0.3,12.4,-5.0,17.3,73
01/07/2024 03,80,2024-01-07T03:00,-0.8,93.0,0.2,13.7,-5.2,18.7,71
01/07/2024 04,75,2024-01-07T04:00,-1.0,92.0,0.0,15.9,-5.8,22.3,3
01/07/2024 05,77,2024-01-07T05:00,-1.0,90.0,0.0,16.5,-5.9,23.4,3
01/07/2024 06,147,2024-01-07T06:00,-1.4,89.0,0.0,16.8,-6.4,23.8,3
01/07/2024 07,200,2024-01-07T07:00,-1.2,89.0,0.1,17.1,-6.2,24.1,71
01/07/2024 08,250,2024-01-07T08:00,-1.3,89.0,0.0,16.7,-6.3,24.1,3
01/07/2024 09,400,2024-01-07T09:00,-0.9,84.0,0.0,20.2,-6.5,28.4,3
01/07/2024 10,449,2024-01-07T10:00,-0.3,80.0,0.0,17.0,-5.4,29.5,3
01/07/2024 11,504,2024-01-07T11:00,0.3,76.0,0.0,18.4,-5.0,26.3,3
01/07/2024 12,552,2024-01-07T12:00,0.8,72.0,0.0,20.5,-4.8,29.5,3
01/07/2024 13,603,2024-01-07T13:00,1.0,71.0,0.0,19.4,-4.5,29.5,3
01/07/2024 14,615,2024-01-07T14:00,1.1,68.0,0.0,21.3,-4.7,31.0,3
01/07/2024 15,599,2024-01-07T15:00,1.0,72.0,0.0,13.7,-3.6,30.6,3
01/07/2024 16,548,2024-01-07T16:00,0.7,74.0,0.0,15.6,-4.2,21.6,3
01/07/2024 17,531,2024-01-07T17:00,0.5,77.0,0.0,15.7,-4.3,22.0,3
01/07/2024 18,548,2024-01-07T18:00,0.5,79.0,0.0,12.5,-3.8,22.3,3
01/07/2024 19,513,2024-01-07T19:00,-0.9,85.0,0.0,6.9,-4.5,14.4,2
01/07/2024 20,493,2024-01-07T20:00,-2.2,88.0,0.0,11.6,-6.5,14.8,2
01/07/2024 21,458,2024-01-07T21:00,-2.9,89.0,0.0,11.8,-7.4,16.9,3
01/07/2024 22,260,2024-01-07T22:00,-3.1,90.0,0.0,11.2,-7.5,15.8,3
01/07/2024 23,232,2024-01-07T23:00,-3.2,89.0,0.0,12.5,-7.8,17.6,3
01/08/2024 00,239,2024-01-08T00:00,-3.2,88.0,0.0,10.8,-7.6,17.6,3
01/08/2024 01,111,2024-01-08T01:00,-2.9,88.0,0.0,8.8,-7.0,14.8,3
01/08/2024 02,53,2024-01-08T02:00,-2.6,86.0,0.0,8.1,-6.5,12.2,3
01/08/2024 03,48,2024-01-08T03:00,-2.1,85.0,0.0,6.9,-5.8,10.8,3
01/08/2024 04,63,2024-01-08T04:00,-2.4,89.0,0.0,3.7,-5.6,9.4,3
01/08/2024 05,161,2024-01-08T05:00,-2.0,88.0,0.0,6.5,-5.6,8.6,3
01/08/2024 06,302,2024-01-08T06:00,-1.7,89.0,0.0,5.9,-5.2,8.6,3
01/08/2024 07,577,2024-01-08T07:00,-1.0,90.0,0.0,8.7,-4.7,10.8,3
01/08/2024 08,822,2024-01-08T08:00,-0.6,91.0,0.0,13.7,-5.0,19.1,3
01/08/2024 09,932,2024-01-08T09:00,-0.2,86.0,0.0,14.5,-4.8,22.3,3
01/08/2024 10,877,2024-01-08T10:00,0.6,79.0,0.0,18.4,-4.6,28.1,3
01/08/2024 11,889,2024-01-08T11:00,1.4,74.0,0.0,19.4,-3.9,31.0,3
01/08/2024 12,867,2024-01-08T12:00,2.1,71.0,0.0,22.4,-3.7,34.9,3
01/08/2024 13,971,2024-01-08T13:00,2.4,70.0,0.0,22.8,-3.4,34.6,3
01/08/2024 14,903,2024-01-08T14:00,2.6,68.0,0.0,21.7,-3.1,34.9,3
01/08/2024 15,889,2024-01-08T15:00,2.4,73.0,0.0,14.8,-2.2,32.4,3
01/08/2024 16,973,2024-01-08T16:00,1.7,77.0,0.0,19.2,-3.5,26.3,3
01/08/2024 17,968,2024-01-08T17:00,1.5,78.0,0.0,20.7,-3.9,29.2,3
01/08/2024 18,823,2024-01-08T18:00,1.7,78.0,0.0,22.6,-4.0,31.7,3
01/08/2024 19,692,2024-01-08T19:00,1.1,80.0,0.0,26.0,-5.1,37.1,3
01/08/2024 20,603,2024-01-08T20:00,1.0,81.0,0.0,26.2,-5.2,38.2,3
01/08/2024 21,370,2024-01-08T21:00,0.8,84.0,0.1,25.3,-5.3,37.8,51
01/08/2024 22,306,2024-01-08T22:00,0.8,84.0,0.1,22.5,-4.9,36.4,71
01/08/2024 23,217,2024-01-08T23:00,0.7,86.0,0.3,22.7,-5.0,32.0,73
01/09/2024 00,178,2024-01-09T00:00,0.4,90.0,0.9,22.6,-5.2,34.2,73
01/09/2024 01,72,2024-01-09T01:00,0.4,91.0,0.6,22.5,-5.2,32.4,73
01/09/2024 02,60,2024-01-09T02:00,0.5,93.0,1.0,24.1,-5.3,34.6,73
01/09/2024 03,55,2024-01-09T03:00,0.5,94.0,1.1,28.2,-5.9,40.0,73
01/09/2024 04,60,2024-01-09T04:00,0.4,95.0,1.7,30.7,-6.2,43.9,75
01/09/2024 05,138,2024-01-09T05:00,0.4,95.0,0.9,33.4,-6.6,48.6,73
01/09/2024 06,268,2024-01-09T06:00,0.9,93.0,0.2,28.0,-5.3,48.2,71
01/09/2024 07,662,2024-01-09T07:00,0.9,98.0,1.2,25.1,-4.8,38.5,73
01/09/2024 08,968,2024-01-09T08:00,0.6,99.0,1.3,29.2,-5.7,41.8,73
01/09/2024 09,993,2024-01-09T09:00,0.9,97.0,0.7,29.9,-5.6,45.4,73
01/09/2024 10,908,2024-01-09T10:00,0.8,99.0,1.1,27.4,-5.3,43.2,73
01/09/2024 11,894,2024-01-09T11:00,0.7,99.0,2.0,27.4,-5.3,39.6,75
01/09/2024 12,904,2024-01-09T12:00,1.6,95.0,1.1,25.9,-4.2,41.4,71
01/09/2024 13,984,2024-01-09T13:00,2.0,96.0,2.1,19.8,-2.8,37.4,73
01/09/2024 14,938,2024-01-09T14:00,1.2,100.0,3.1,17.9,-3.4,28.1,75
01/09/2024 15,980,2024-01-09T15:00,1.2,99.0,2.0,18.5,-3.5,27.0,73
01/09/2024 16,1020,2024-01-09T16:00,0.9,99.0,1.8,23.2,-4.5,33.1,73
01/09/2024 17,1045,2024-01-09T17:00,0.7,99.0,1.7,23.5,-4.7,34.9,73
01/09/2024 18,834,2024-01-09T18:00,0.8,99.0,0.6,23.3,-4.7,33.8,71
01/09/2024 19,636,2024-01-09T19:00,0.7,99.0,0.6,14.8,-3.5,20.2,73
01/09/2024 20,563,2024-01-09T20:00,0.9,98.0,0.7,23.7,-4.6,33.1,71
01/09/2024 21,513,2024-01-09T21:00,0.8,97.0,0.5,26.1,-5.1,38.2,71
01/09/2024 22,460,2024-01-09T22:00,0.6,96.0,0.7,26.7,-5.4,38.9,73
01/09/2024 23,242,2024-01-09T23:00,0.4,92.0,0.8,32.1,-6.6,46.1,73
01/10/2024 00,177,2024-01-10T00:00,0.0,85.0,0.1,33.6,-7.3,49.0,71
01/10/2024 01,98,2024-01-10T01:00,-0.3,85.0,0.1,32.4,-7.6,49.0,71
01/10/2024 02,52,2024-01-10T02:00,-0.3,84.0,0.0,30.3,-7.3,47.2,3
01/10/2024 03,58,2024-01-10T03:00,-0.3,83.0,0.0,28.6,-7.0,44.3,0
01/10/2024 04,78,2024-01-10T04:00,-1.0,83.0,0.0,26.0,-7.5,41.4,1
01/10/2024 05,144,2024-01-10T05:00,-1.4,84.0,0.0,24.7,-7.7,37.4,1
01/10/2024 06,260,2024-01-10T06:00,-2.1,84.0,0.0,24.1,-8.3,36.0,1
01/10/2024 07,664,2024-01-10T07:00,-0.5,81.0,0.0,22.0,-6.4,34.6,3
01/10/2024 08,1085,2024-01-10T08:00,-0.6,83.0,0.0,22.3,-6.5,32.4,3
01/10/2024 09,1067,2024-01-10T09:00,-0.4,83.0,0.0,23.7,-6.4,39.6,3
01/10/2024 10,896,2024-01-10T10:00,-0.2,82.0,0.0,23.4,-6.1,35.3,3
01/10/2024 11,895,2024-01-10T11:00,0.4,79.0,0.0,25.1,-5.8,37.8,3
01/10/2024 12,947,2024-01-10T12:00,0.4,76.0,0.0,26.0,-6.0,39.6,3
01/10/2024 13,1084,2024-01-10T13:00,-0.1,76.0,0.0,25.0,-6.5,39.6,3
01/10/2024 14,1032,2024-01-10T14:00,-0.5,77.0,0.0,24.3,-6.7,37.8,3
01/10/2024 15,1035,2024-01-10T15:00,-1.0,76.0,0.0,20.8,-6.8,37.1,3
01/10/2024 16,1119,2024-01-10T16:00,-1.5,78.0,0.0,21.5,-7.5,31.7,3
01/10/2024 17,1156,2024-01-10T17:00,-1.8,80.0,0.0,15.6,-6.8,31.0,3
01/10/2024 18,962,2024-01-10T18:00,-1.7,82.0,0.0,11.6,-6.1,22.3,1
01/10/2024 19,909,2024-01-10T19:00,-1.6,82.0,0.0,14.4,-6.4,21.2,3
01/10/2024 20,699,2024-01-10T20:00,-2.0,82.0,0.0,18.4,-7.4,26.6,3
01/10/2024 21,499,2024-01-10T21:00,-1.9,81.0,0.0,18.9,-7.5,27.4,3
01/10/2024 22,326,2024-01-10T22:00,-1.6,82.0,0.2,16.6,-6.8,27.0,71
01/10/2024 23,246,2024-01-10T23:00,-1.4,82.0,0.2,17.3,-6.7,25.2,71
01/11/2024 00,152,2024-01-11T00:00,-1.3,81.0,0.2,18.3,-6.7,26.3,71
01/11/2024 01,71,2024-01-11T01:00,-1.3,81.0,0.2,18.2,-6.7,27.0,71
01/11/2024 02,54,2024-01-11T02:00,-1.1,82.0,0.1,16.1,-6.1,25.9,71
01/11/2024 03,41,2024-01-11T03:00,-0.8,82.0,0.0,14.8,-5.6,22.7,2
01/11/2024 04,72,2024-01-11T04:00,-1.6,84.0,0.1,14.3,-6.4,20.9,71
01/11/2024 05,141,2024-01-11T05:00,-1.6,85.0,0.1,16.5,-6.7,20.9,71
01/11/2024 06,287,2024-01-11T06:00,-2.0,87.0,0.0,19.7,-7.5,28.8,1
01/11/2024 07,662,2024-01-11T07:00,-1.0,85.0,0.0,23.6,-7.1,34.2,3
01/11/2024 08,1069,2024-01-11T08:00,-0.8,85.0,0.0,24.5,-7.0,35.3,2
01/11/2024 09,1124,2024-01-11T09:00,-0.4,83.0,0.0,25.8,-6.8,37.8,3
01/11/2024 10,973,2024-01-11T10:00,-0.1,78.0,0.0,24.1,-6.3,38.5,3
01/11/2024 11,1031,2024-01-11T11:00,0.0,76.0,0.0,22.4,-5.9,36.7,3
01/11/2024 12,980,2024-01-11T12:00,0.1,74.0,0.0,19.6,-5.4,34.6,3
01/11/2024 13,1006,2024-01-11T13:00,0.4,73.0,0.0,14.4,-4.4,31.0,2
01/11/2024 14,1063,2024-01-11T14:00,0.6,70.0,0.0,15.0,-4.3,26.6,2
01/11/2024 15,1144,2024-01-11T15:00,0.4,70.0,0.0,13.6,-4.3,24.8,2
01/11/2024 16,1242,2024-01-11T16:00,-0.5,74.0,0.0,12.6,-5.1,22.0,2
01/11/2024 17,1328,2024-01-11T17:00,-2.3,83.0,0.0,10.7,-6.7,18.0,3
01/11/2024 18,1131,2024-01-11T18:00,-3.6,88.0,0.0,9.3,-7.8,14.4,3
01/11/2024 19,1054,2024-01-11T19:00,-3.8,92.0,0.0,9.7,-8.0,13.3,3
01/11/2024 20,864,2024-01-11T20:00,-4.0,92.0,0.0,3.8,-7.4,13.3,3
01/11/2024 21,524,2024-01-11T21:00,-3.9,91.0,0.0,5.6,-7.6,6.1,3
01/11/2024 22,426,2024-01-11T22:00,-2.2,86.0,0.0,11.6,-6.6,15.8,3
01/11/2024 23,309,2024-01-11T23:00,-1.5,86.0,0.0,15.0,-6.4,20.5,3
01/12/2024 00,196,2024-01-12T00:00,-1.5,86.0,0.0,15.8,-6.4,22.0,3
01/12/2024 01,91,2024-01-12T01:00,-1.1,85.0,0.0,20.3,-6.6,28.8,3
01/12/2024 02,60,2024-01-12T02:00,-0.7,86.0,0.0,23.1,-6.6,33.1,3
01/12/2024 03,66,2024-01-12T03:00,-0.4,86.0,0.0,24.7,-6.5,34.9,3
01/12/2024 04,66,2024-01-12T04:00,-0.2,86.0,0.1,28.4,-6.8,41.0,71
01/12/2024 05,139,2024-01-12T05:00,0.0,86.0,0.9,29.7,-6.8,43.6,73
01/12/2024 06,267,2024-01-12T06:00,0.0,90.0,2.1,31.4,-6.9,45.0,75
01/12/2024 07,378,2024-01-12T07:00,0.4,93.0,3.6,34.8,-6.9,49.3,75
01/12/2024 08,466,2024-01-12T08:00,0.5,91.0,2.5,45.1,-8.4,65.5,75
01/12/2024 09,571,2024-01-12T09:00,0.4,92.0,1.3,41.8,-7.9,67.7,75
01/12/2024 10,578,2024-01-12T10:00,0.6,92.0,0.6,39.2,-7.3,60.5,73
01/12/2024 11,636,2024-01-12T11:00,1.0,92.0,0.6,35.9,-6.4,56.9,73
01/12/2024 12,657,2024-01-12T12:00,1.0,95.0,1.2,33.3,-5.9,51.8,73
01/12/2024 13,778,2024-01-12T13:00,1.6,94.0,1.2,31.5,-5.1,48.2,73
01/12/2024 14,802,2024-01-12T14:00,2.7,91.0,1.3,28.2,-3.3,45.4,61
01/12/2024 15,858,2024-01-12T15:00,2.7,94.0,1.5,37.3,-4.6,53.6,61
01/12/2024 16,739,2024-01-12T16:00,2.2,97.0,2.1,32.7,-4.5,54.0,61
01/12/2024 17,651,2024-01-12T17:00,2.1,98.0,2.6,26.9,-3.7,47.2,63
01/12/2024 18,678,2024-01-12T18:00,2.3,97.0,1.1,22.3,-2.8,38.9,55
01/12/2024 19,535,2024-01-12T19:00,0.7,97.0,0.1,25.2,-5.1,37.1,51
01/12/2024 20,438,2024-01-12T20:00,0.1,98.0,0.0,27.9,-6.1,40.7,3
01/12/2024 21,365,2024-01-12T21:00,0.3,95.0,0.0,27.1,-5.8,41.0,3
01/12/2024 22,343,2024-01-12T22:00,0.3,94.0,0.0,27.1,-5.9,39.6,3
01/12/2024 23,247,2024-01-12T23:00,0.3,93.0,0.1,25.1,-5.6,39.6,51
01/13/2024 00,205,2024-01-13T00:00,0.1,91.0,0.2,27.0,-6.1,39.6,71
01/13/2024 01,141,2024-01-13T01:00,-0.7,89.0,0.3,32.0,-7.9,45.7,73
01/13/2024 02,86,2024-01-13T02:00,-1.4,86.0,0.3,33.8,-8.9,49.0,73
01/13/2024 03,85,2024-01-13T03:00,-2.9,82.0,0.2,36.9,-11.2,55.4,71
01/13/2024 04,64,2024-01-13T04:00,-3.7,82.0,0.2,35.3,-11.8,54.0,71
01/13/2024 05,90,2024-01-13T05:00,-3.8,78.0,0.1,33.5,-11.7,51.1,71
01/13/2024 06,140,2024-01-13T06:00,-3.7,79.0,0.0,31.6,-11.3,48.2,71
01/13/2024 07,166,2024-01-13T07:00,-3.2,83.0,0.2,29.5,-10.4,44.6,71
01/13/2024 08,238,2024-01-13T08:00,-3.4,81.0,0.2,31.0,-10.9,44.6,71
01/13/2024 09,376,2024-01-13T09:00,-3.5,79.0,0.1,32.1,-11.1,45.7,71
01/13/2024 10,471,2024-01-13T10:00,-3.7,77.0,0.1,31.3,-11.3,49.7,71
01/13/2024 11,503,2024-01-13T11:00,-3.0,70.0,0.0,34.0,-11.1,50.4,3
01/13/2024 12,598,2024-01-13T12:00,-3.1,70.0,0.0,33.1,-11.0,50.8,3
01/13/2024 13,613,2024-01-13T13:00,-4.3,72.0,0.0,33.3,-12.4,52.6,3
01/13/2024 14,600,2024-01-13T14:00,-5.1,72.0,0.0,29.9,-12.7,49.7,3
01/13/2024 15,646,2024-01-13T15:00,-6.0,72.0,0.0,31.3,-13.9,46.4,3
01/13/2024 16,634,2024-01-13T16:00,-8.5,75.0,0.0,32.0,-16.6,49.3,3
01/13/2024 17,620,2024-01-13T17:00,-11.1,76.0,0.0,33.8,-19.6,50.4,3
01/13/2024 18,834,2024-01-13T18:00,-12.3,73.0,0.0,32.7,-20.7,50.4,3
01/13/2024 19,631,2024-01-13T19:00,-13.3,73.0,0.1,32.4,-21.7,47.9,71
01/13/2024 20,465,2024-01-13T20:00,-14.1,72.0,0.0,34.3,-22.9,50.4,3
01/13/2024 21,455,2024-01-13T21:00,-15.2,70.0,0.1,35.7,-24.2,52.9,71
01/13/2024 22,574,2024-01-13T22:00,-15.9,70.0,0.1,36.3,-25.1,54.0,71
01/13/2024 23,441,2024-01-13T23:00,-16.6,67.0,0.1,38.4,-26.1,56.9,71
01/14/2024 00,339,2024-01-14T00:00,-17.4,68.0,0.1,38.0,-26.8,57.6,71
01/14/2024 01,246,2024-01-14T01:00,-18.1,68.0,0.1,39.1,-27.7,58.0,71
01/14/2024 02,140,2024-01-14T02:00,-18.8,68.0,0.1,38.7,-28.4,58.0,71
01/14/2024 03,88,2024-01-14T03:00,-19.5,67.0,0.1,38.6,-29.1,57.6,71
01/14/2024 04,70,2024-01-14T04:00,-20.3,66.0,0.0,36.4,-29.6,57.2,2
01/14/2024 05,58,2024-01-14T05:00,-21.4,67.0,0.0,34.3,-30.4,54.0,1
01/14/2024 06,134,2024-01-14T06:00,-22.2,67.0,0.0,32.7,-31.0,50.8,2
01/14/2024 07,195,2024-01-14T07:00,-23.1,66.0,0.0,33.3,-32.0,50.4,2
01/14/2024 08,231,2024-01-14T08:00,-23.6,64.0,0.0,31.4,-32.2,49.3,1
01/14/2024 09,305,2024-01-14T09:00,-23.4,60.0,0.0,32.7,-32.3,49.7,1
01/14/2024 10,450,2024-01-14T10:00,-22.8,56.0,0.0,33.5,-31.8,51.5,0
01/14/2024 11,525,2024-01-14T11:00,-22.0,53.0,0.0,33.0,-30.9,52.2,0
01/14/2024 12,527,2024-01-14T12:00,-21.3,52.0,0.0,34.2,-30.3,53.3,0
01/14/2024 13,465,2024-01-14T13:00,-21.2,53.0,0.0,34.7,-30.3,54.7,1
01/14/2024 14,514,2024-01-14T14:00,-21.1,51.0,0.0,31.3,-29.7,54.4,0
01/14/2024 15,518,2024-01-14T15:00,-21.2,54.0,0.0,30.6,-29.8,48.6,0
01/14/2024 16,533,2024-01-14T16:00,-22.1,61.0,0.0,31.9,-30.8,48.2,2
01/14/2024 17,509,2024-01-14T17:00,-22.7,65.0,0.0,32.4,-31.4,47.5,1
01/14/2024 18,511,2024-01-14T18:00,-22.6,65.0,0.0,30.8,-31.1,48.2,0
01/14/2024 19,459,2024-01-14T19:00,-22.5,66.0,0.0,26.0,-30.3,39.2,1
01/14/2024 20,409,2024-01-14T20:00,-22.9,67.0,0.0,24.2,-30.4,38.5,0
01/14/2024 21,416,2024-01-14T21:00,-23.1,67.0,0.0,24.0,-30.7,36.7,0
01/14/2024 22,466,2024-01-14T22:00,-23.4,67.0,0.0,22.7,-30.8,36.0,0
01/14/2024 23,428,2024-01-14T23:00,-23.6,66.0,0.0,23.8,-31.1,35.3,0
01/15/2024 00,332,2024-01-15T00:00,-24.0,67.0,0.0,25.1,-31.7,37.4,1
01/15/2024 01,241,2024-01-15T01:00,-24.3,67.0,0.0,25.3,-32.1,37.4,1
01/15/2024 02,137,2024-01-15T02:00,-24.6,67.0,0.0,25.1,-32.3,37.4,1
01/15/2024 03,81,2024-01-15T03:00,-24.7,66.0,0.0,23.9,-32.2,37.1,1
01/15/2024 04,60,2024-01-15T04:00,-24.9,66.0,0.0,22.7,-32.3,35.6,1
01/15/2024 05,117,2024-01-15T05:00,-25.1,67.0,0.0,21.9,-32.4,33.5,2
01/15/2024 06,191,2024-01-15T06:00,-25.2,67.0,0.0,21.8,-32.5,32.8,3
01/15/2024 07,312,2024-01-15T07:00,-23.6,67.0,0.0,21.6,-30.8,32.8,3
01/15/2024 08,416,2024-01-15T08:00,-23.2,67.0,0.0,21.7,-30.4,33.1,3
01/15/2024 09,553,2024-01-15T09:00,-22.4,63.0,0.0,25.1,-30.1,37.8,3
01/15/2024 10,605,2024-01-15T10:00,-21.2,57.0,0.0,24.7,-28.8,40.0,3
01/15/2024 11,655,2024-01-15T11:00,-19.7,53.0,0.0,23.9,-27.2,40.3,3
01/15/2024 12,648,2024-01-15T12:00,-18.7,51.0,0.0,24.4,-26.3,40.0,3
01/15/2024 13,649,2024-01-15T13:00,-18.0,51.0,0.0,23.2,-25.4,40.0,3
01/15/2024 14,702,2024-01-15T14:00,-17.7,52.0,0.0,21.8,-24.9,38.2,3
01/15/2024 15,759,2024-01-15T15:00,-18.0,55.0,0.0,21.8,-25.2,35.6,3
01/15/2024 16,755,2024-01-15T16:00,-18.7,59.0,0.0,21.7,-25.9,36.0,3
01/15/2024 17,773,2024-01-15T17:00,-19.8,65.0,0.0,21.5,-26.9,33.8,3
01/15/2024 18,631,2024-01-15T18:00,-19.8,65.0,0.0,21.6,-27.0,32.0,3
01/15/2024 19,618,2024-01-15T19:00,-19.5,67.0,0.0,20.3,-26.5,31.0,3
01/15/2024 20,568,2024-01-15T20:00,-19.5,66.0,0.0,21.6,-26.6,31.3,3
01/15/2024 21,527,2024-01-15T21:00,-19.5,65.0,0.0,24.5,-27.1,36.4,3
01/15/2024 22,426,2024-01-15T22:00,-19.6,65.0,0.0,24.9,-27.2,36.0,3
01/15/2024 23,299,2024-01-15T23:00,-19.5,65.0,0.0,23.7,-27.0,36.7,3
01/16/2024 00,221,2024-01-16T00:00,-19.5,65.0,0.0,26.6,-27.3,37.8,3
01/16/2024 01,193,2024-01-16T01:00,-19.3,67.0,0.0,25.4,-27.0,39.6,71
01/16/2024 02,128,2024-01-16T02:00,-19.3,68.0,0.0,24.7,-26.9,37.4,71
01/16/2024 03,89,2024-01-16T03:00,-19.4,68.0,0.0,25.3,-27.1,37.4,3
01/16/2024 04,61,2024-01-16T04:00,-20.2,68.0,0.0,25.8,-28.0,37.1,2
01/16/2024 05,148,2024-01-16T05:00,-21.3,69.0,0.0,24.9,-29.0,37.4,0
01/16/2024 06,314,2024-01-16T06:00,-22.3,69.0,0.0,23.2,-29.7,36.0,0
01/16/2024 07,582,2024-01-16T07:00,-21.8,69.0,0.0,24.2,-29.4,35.6,0
01/16/2024 08,878,2024-01-16T08:00,-22.0,67.0,0.0,24.6,-29.6,36.0,0
01/16/2024 09,892,2024-01-16T09:00,-21.3,62.0,0.0,28.0,-29.4,42.1,0
01/16/2024 10,872,2024-01-16T10:00,-20.0,57.0,0.0,30.1,-28.4,45.7,0
01/16/2024 11,823,2024-01-16T11:00,-18.8,54.0,0.0,33.8,-27.8,51.5,0
01/16/2024 12,867,2024-01-16T12:00,-17.9,51.0,0.0,35.3,-27.0,54.7,0
01/16/2024 13,805,2024-01-16T13:00,-17.4,49.0,0.0,35.2,-26.5,54.7,0
01/16/2024 14,844,2024-01-16T14:00,-17.1,51.0,0.0,35.1,-26.2,54.0,0
01/16/2024 15,889,2024-01-16T15:00,-17.0,51.0,0.0,34.8,-26.1,53.3,0
01/16/2024 16,948,2024-01-16T16:00,-17.5,57.0,0.0,33.4,-26.3,52.2,0
01/16/2024 17,1064,2024-01-16T17:00,-18.1,62.0,0.0,30.0,-26.5,49.0,0
01/16/2024 18,881,2024-01-16T18:00,-18.4,64.0,0.0,30.1,-26.7,44.3,0
01/16/2024 19,725,2024-01-16T19:00,-17.6,63.0,0.0,29.0,-25.7,41.8,0
01/16/2024 20,579,2024-01-16T20:00,-17.6,62.0,0.0,29.6,-25.9,42.8,0
01/16/2024 21,394,2024-01-16T21:00,-17.5,61.0,0.0,29.6,-25.8,42.8,0
01/16/2024 22,369,2024-01-16T22:00,-17.5,63.0,0.0,29.1,-25.7,42.5,0
01/16/2024 23,293,2024-01-16T23:00,-17.4,64.0,0.0,28.8,-25.6,41.8,0
01/17/2024 00,207,2024-01-17T00:00,-17.4,65.0,0.0,29.1,-25.6,42.1,0
01/17/2024 01,146,2024-01-17T01:00,-17.4,66.0,0.0,27.9,-25.4,41.8,0
01/17/2024 02,67,2024-01-17T02:00,-17.4,65.0,0.0,26.2,-25.2,40.0,0
01/17/2024 03,54,2024-01-17T03:00,-17.5,66.0,0.0,24.8,-25.1,37.8,0
01/17/2024 04,65,2024-01-17T04:00,-17.6,68.0,0.0,24.0,-25.0,35.6,1
01/17/2024 05,143,2024-01-17T05:00,-17.5,68.0,0.0,24.3,-24.9,34.6,2
01/17/2024 06,327,2024-01-17T06:00,-16.8,65.0,0.0,24.8,-24.3,36.0,3
01/17/2024 07,775,2024-01-17T07:00,-16.0,65.0,0.0,23.4,-23.3,33.1,1
01/17/2024 08,1193,2024-01-17T08:00,-15.1,63.0,0.0,23.2,-22.4,34.2,3
01/17/2024 09,1178,2024-01-17T09:00,-13.6,57.0,0.0,22.4,-20.7,33.5,3
01/17/2024 10,1026,2024-01-17T10:00,-11.5,52.0,0.0,25.3,-19.0,38.5,2
01/17/2024 11,912,2024-01-17T11:00,-9.7,49.0,0.0,28.4,-17.6,43.9,3
01/17/2024 12,950,2024-01-17T12:00,-8.7,49.0,0.0,30.2,-16.9,46.8,1
01/17/2024 13,1004,2024-01-17T13:00,-8.2,51.0,0.0,29.0,-16.1,46.8,2
01/17/2024 14,1013,2024-01-17T14:00,-8.0,54.0,0.0,27.4,-15.6,45.0,2
01/17/2024 15,1149,2024-01-17T15:00,-8.1,58.0,0.0,26.6,-15.5,42.5,3
01/17/2024 16,1232,2024-01-17T16:00,-8.6,64.0,0.0,23.0,-15.5,40.3,3
01/17/2024 17,1370,2024-01-17T17:00,-9.7,72.0,0.0,19.0,-16.0,33.5,3
01/17/2024 18,1096,2024-01-17T18:00,-9.7,73.0,0.0,16.9,-15.7,26.6,3
01/17/2024 19,881,2024-01-17T19:00,-9.1,77.0,0.0,17.1,-15.1,23.8,3
01/17/2024 20,674,2024-01-17T20:00,-8.6,77.0,0.0,16.8,-14.4,25.6,3
01/17/2024 21,545,2024-01-17T21:00,-8.3,77.0,0.0,16.4,-14.1,23.8,3
01/17/2024 22,330,2024-01-17T22:00,-8.1,78.0,0.1,16.6,-13.9,24.5,71
01/17/2024 23,287,2024-01-17T23:00,-7.9,78.0,0.1,14.1,-13.3,23.8,71
01/18/2024 00,190,2024-01-18T00:00,-7.8,79.0,0.1,11.6,-12.8,20.2,71
01/18/2024 01,59,2024-01-18T01:00,-7.7,80.0,0.1,8.7,-12.3,16.6,71
01/18/2024 02,29,2024-01-18T02:00,-8.0,84.0,0.1,5.7,-12.2,11.9,71
01/18/2024 03,34,2024-01-18T03:00,-8.2,86.0,0.0,5.1,-12.3,7.2,3
01/18/2024 04,44,2024-01-18T04:00,-8.6,88.0,0.0,4.7,-12.6,6.5,3
01/18/2024 05,140,2024-01-18T05:00,-8.6,88.0,0.0,5.8,-12.8,7.2,3
01/18/2024 06,333,2024-01-18T06:00,-9.3,90.0,0.0,7.9,-13.8,10.1,2
01/18/2024 07,674,2024-01-18T07:00,-8.3,90.0,0.0,6.9,-12.5,9.0,3
01/18/2024 08,1058,2024-01-18T08:00,-8.0,81.0,0.0,7.4,-12.4,11.2,3
01/18/2024 09,1085,2024-01-18T09:00,-7.3,62.0,0.0,9.2,-12.1,17.3,1
01/18/2024 10,940,2024-01-18T10:00,-6.4,54.0,0.0,7.0,-11.0,16.9,2
01/18/2024 11,946,2024-01-18T11:00,-5.4,48.0,0.0,6.2,-9.9,16.9,2
01/18/2024 12,944,2024-01-18T12:00,-4.9,52.0,0.0,5.5,-9.2,16.2,3
01/18/2024 13,947,2024-01-18T13:00,-4.5,56.0,0.0,7.4,-9.0,16.9,3
01/18/2024 14,1048,2024-01-18T14:00,-4.5,61.0,0.0,11.6,-9.6,21.2,3
01/18/2024 15,1215,2024-01-18T15:00,-5.2,65.0,0.0,15.6,-10.8,25.2,3
01/18/2024 16,1230,2024-01-18T16:00,-5.7,62.0,0.0,16.7,-11.5,25.6,3
01/18/2024 17,1344,2024-01-18T17:00,-6.0,64.0,0.0,16.5,-11.8,25.6,3
01/18/2024 18,1172,2024-01-18T18:00,-6.2,68.0,0.0,17.4,-12.1,25.2,3
01/18/2024 19,1062,2024-01-18T19:00,-6.6,72.0,0.1,17.1,-12.4,25.2,71
01/18/2024 20,832,2024-01-18T20:00,-7.2,73.0,0.1,18.7,-13.3,27.4,71
01/18/2024 21,604,2024-01-18T21:00,-8.3,75.0,0.1,21.1,-14.8,31.0,71
01/18/2024 22,494,2024-01-18T22:00,-9.6,74.0,0.2,23.4,-16.5,34.6,71
01/18/2024 23,353,2024-01-18T23:00,-10.6,72.0,0.3,20.0,-17.1,34.9,73
01/19/2024 00,229,2024-01-19T00:00,-11.2,74.0,0.4,20.6,-17.8,31.3,73
01/19/2024 01,86,2024-01-19T01:00,-10.8,69.0,0.5,24.0,-17.9,36.0,73
01/19/2024 02,37,2024-01-19T02:00,-10.9,72.0,0.5,23.0,-17.8,35.6,73
01/19/2024 03,39,2024-01-19T03:00,-11.0,72.0,0.4,26.0,-18.4,38.2,73
01/19/2024 04,55,2024-01-19T04:00,-10.8,71.0,0.2,27.1,-18.4,39.6,71
01/19/2024 05,148,2024-01-19T05:00,-11.4,71.0,0.2,30.3,-19.5,43.6,71
01/19/2024 06,306,2024-01-19T06:00,-11.9,73.0,0.2,30.5,-20.0,44.3,71
01/19/2024 07,581,2024-01-19T07:00,-12.0,73.0,0.1,29.2,-19.9,42.1,71
01/19/2024 08,850,2024-01-19T08:00,-12.0,71.0,0.1,29.3,-19.9,43.2,71
01/19/2024 09,899,2024-01-19T09:00,-12.2,69.0,0.1,27.2,-19.9,42.8,71
01/19/2024 10,784,2024-01-19T10:00,-12.5,67.0,0.1,26.4,-20.0,40.0,71
01/19/2024 11,841,2024-01-19T11:00,-12.3,67.0,0.1,24.5,-19.6,39.6,71
01/19/2024 12,925,2024-01-19T12:00,-11.6,64.0,0.1,23.7,-18.8,36.7,71
01/19/2024 13,953,2024-01-19T13:00,-10.9,62.0,0.1,23.9,-18.1,35.3,71
01/19/2024 14,929,2024-01-19T14:00,-10.8,61.0,0.0,23.9,-18.0,36.0,3
01/19/2024 15,1128,2024-01-19T15:00,-11.1,61.0,0.0,23.8,-18.3,34.9,3
01/19/2024 16,1186,2024-01-19T16:00,-12.0,66.0,0.0,23.9,-19.2,35.3,3
01/19/2024 17,1327,2024-01-19T17:00,-12.6,69.0,0.0,24.2,-19.9,34.9,3
01/19/2024 18,1298,2024-01-19T18:00,-12.9,68.0,0.1,26.2,-20.4,37.8,71
01/19/2024 19,1125,2024-01-19T19:00,-13.0,70.0,0.1,25.5,-20.4,37.1,71
01/19/2024 20,758,2024-01-19T20:00,-13.3,71.0,0.0,25.0,-20.6,37.1,3
01/19/2024 21,649,2024-01-19T21:00,-13.6,72.0,0.0,23.5,-20.8,36.0,3
01/19/2024 22,569,2024-01-19T22:00,-14.1,73.0,0.0,23.3,-21.3,33.8,3
01/19/2024 23,500,2024-01-19T23:00,-14.5,73.0,0.0,25.1,-22.0,36.0,3
01/20/2024 00,342,2024-01-20T00:00,-14.8,72.0,0.0,24.8,-22.2,37.1,3
01/20/2024 01,226,2024-01-20T01:00,-14.8,71.0,0.0,24.3,-22.1,36.4,3
01/20/2024 02,122,2024-01-20T02:00,-15.3,73.0,0.0,24.1,-22.6,36.0,3
01/20/2024 03,74,2024-01-20T03:00,-14.8,72.0,0.0,25.5,-22.3,36.4,3
01/20/2024 04,63,2024-01-20T04:00,-14.6,72.0,0.0,24.0,-21.9,36.4,3
01/20/2024 05,77,2024-01-20T05:00,-14.8,73.0,0.0,24.7,-22.2,35.3,3
01/20/2024 06,136,2024-01-20T06:00,-15.1,74.0,0.0,24.6,-22.4,35.6,0
01/20/2024 07,184,2024-01-20T07:00,-14.3,72.0,0.0,23.1,-21.5,35.3,2
01/20/2024 08,282,2024-01-20T08:00,-14.0,69.0,0.0,20.4,-20.7,33.1,0
01/20/2024 09,420,2024-01-20T09:00,-12.6,62.0,0.0,20.2,-19.3,30.6,0
01/20/2024 10,551,2024-01-20T10:00,-11.3,57.0,0.0,22.8,-18.4,36.0,0
01/20/2024 11,616,2024-01-20T11:00,-9.9,52.0,0.0,22.5,-16.9,37.1,0
01/20/2024 12,672,2024-01-20T12:00,-8.6,48.0,0.0,20.6,-15.3,36.4,0
01/20/2024 13,762,2024-01-20T13:00,-7.5,43.0,0.0,20.3,-14.2,34.6,0
01/20/2024 14,811,2024-01-20T14:00,-7.2,40.0,0.0,20.7,-14.0,33.8,0
01/20/2024 15,811,2024-01-20T15:00,-7.5,43.0,0.0,20.1,-14.2,33.5,0
01/20/2024 16,777,2024-01-20T16:00,-8.6,49.0,0.0,18.0,-14.9,31.7,0
01/20/2024 17,867,2024-01-20T17:00,-10.4,62.0,0.0,16.3,-16.5,26.3,0
01/20/2024 18,1007,2024-01-20T18:00,-11.6,67.0,0.0,17.4,-17.9,24.1,0
01/20/2024 19,867,2024-01-20T19:00,-12.5,72.0,0.0,17.3,-18.7,26.3,0
01/20/2024 20,631,2024-01-20T20:00,-13.3,73.0,0.0,14.4,-19.1,24.1,0
01/20/2024 21,550,2024-01-20T21:00,-14.2,74.0,0.0,13.0,-19.8,20.2,0
01/20/2024 22,535,2024-01-20T22:00,-14.8,73.0,0.0,13.8,-20.6,19.4,0
01/20/2024 23,434,2024-01-20T23:00,-15.3,71.0,0.0,12.4,-20.9,19.8,0
01/21/2024 00,323,2024-01-21T00:00,-15.8,72.0,0.0,13.1,-21.6,18.0,0
01/21/2024 01,232,2024-01-21T01:00,-16.3,71.0,0.0,13.2,-22.0,19.1,0
01/21/2024 02,167,2024-01-21T02:00,-16.8,71.0,0.0,12.0,-22.4,18.4,0
01/21/2024 03,88,2024-01-21T03:00,-17.3,72.0,0.0,12.1,-22.9,17.3,0
01/21/2024 04,97,2024-01-21T04:00,-17.8,73.0,0.0,10.0,-23.1,16.9,0
01/21/2024 05,78,2024-01-21T05:00,-18.2,74.0,0.0,10.7,-23.6,15.5,0
01/21/2024 06,149,2024-01-21T06:00,-18.5,73.0,0.0,10.6,-23.9,16.2,3
01/21/2024 07,199,2024-01-21T07:00,-18.3,73.0,0.0,10.4,-23.8,15.8,0
01/21/2024 08,335,2024-01-21T08:00,-17.8,71.0,0.0,10.3,-23.2,16.9,1
01/21/2024 09,493,2024-01-21T09:00,-15.8,63.0,0.0,10.8,-21.2,19.8,1
01/21/2024 10,636,2024-01-21T10:00,-12.5,53.0,0.0,13.0,-18.2,23.0,1
01/21/2024 11,771,2024-01-21T11:00,-9.4,45.0,0.0,17.9,-15.8,29.9,2
01/21/2024 12,843,2024-01-21T12:00,-7.7,42.0,0.0,21.1,-14.5,34.2,1
01/21/2024 13,897,2024-01-21T13:00,-6.5,39.0,0.0,22.3,-13.5,36.4,1
01/21/2024 14,958,2024-01-21T14:00,-5.7,41.0,0.0,22.8,-12.8,36.7,0
01/21/2024 15,915,2024-01-21T15:00,-5.4,42.0,0.0,20.3,-12.1,36.0,2
01/21/2024 16,938,2024-01-21T16:00,-5.7,47.0,0.0,18.8,-12.1,31.7,3
01/21/2024 17,996,2024-01-21T17:00,-6.9,53.0,0.0,18.4,-13.2,27.4,3
01/21/2024 18,1010,2024-01-21T18:00,-7.0,55.0,0.0,20.2,-13.5,28.4,3
01/21/2024 19,886,2024-01-21T19:00,-8.2,60.0,0.0,22.0,-15.0,31.7,3
01/21/2024 20,813,2024-01-21T20:00,-8.1,59.0,0.0,23.8,-15.1,33.8,1
01/21/2024 21,588,2024-01-21T21:00,-8.1,59.0,0.0,24.2,-15.2,34.2,3
01/21/2024 22,409,2024-01-21T22:00,-8.1,58.0,0.0,25.1,-15.3,35.6,3
01/21/2024 23,339,2024-01-21T23:00,-8.0,58.0,0.0,25.3,-15.3,36.4,3
01/22/2024 00,220,2024-01-22T00:00,-7.3,55.0,0.0,24.7,-14.5,36.4,3
01/22/2024 01,116,2024-01-22T01:00,-6.4,53.0,0.0,25.4,-13.7,36.4,3
01/22/2024 02,47,2024-01-22T02:00,-5.8,52.0,0.0,25.4,-13.1,37.4,3
01/22/2024 03,48,2024-01-22T03:00,-5.4,51.0,0.0,25.0,-12.6,36.7,3
01/22/2024 04,56,2024-01-22T04:00,-5.1,54.0,0.1,24.7,-12.2,36.0,71
01/22/2024 05,160,2024-01-22T05:00,-4.6,51.0,0.0,24.5,-11.7,35.6,3
01/22/2024 06,329,2024-01-22T06:00,-4.3,52.0,0.0,23.0,-11.1,35.3,3
01/22/2024 07,702,2024-01-22T07:00,-3.7,60.0,0.2,23.2,-10.4,34.6,71
01/22/2024 08,1210,2024-01-22T08:00,-3.4,64.0,0.1,21.9,-9.8,33.5,51
01/22/2024 09,1292,2024-01-22T09:00,-2.7,66.0,0.0,23.2,-9.2,33.8,3
01/22/2024 10,1175,2024-01-22T10:00,-1.2,66.0,0.1,23.5,-7.6,36.7,51
01/22/2024 11,1130,2024-01-22T11:00,-1.4,75.0,0.3,23.4,-7.7,36.0,51
01/22/2024 12,1170,2024-01-22T12:00,-0.9,78.0,0.1,20.9,-6.7,34.9,51
01/22/2024 13,1179,2024-01-22T13:00,-0.4,80.0,0.0,20.3,-5.9,32.0,3
01/22/2024 14,1209,2024-01-22T14:00,-0.1,81.0,0.0,20.2,-5.6,31.0,3
01/22/2024 15,1220,2024-01-22T15:00,0.1,81.0,0.0,22.1,-5.6,33.1,3
01/22/2024 16,1326,2024-01-22T16:00,0.0,85.0,0.0,19.2,-5.2,33.1,3
01/22/2024 17,1415,2024-01-22T17:00,-0.2,86.0,0.0,17.3,-5.2,27.7,3
01/22/2024 18,1359,2024-01-22T18:00,-0.4,87.0,0.0,17.4,-5.4,25.2,3
01/22/2024 19,1210,2024-01-22T19:00,-0.5,92.0,0.1,15.0,-5.1,22.0,51
01/22/2024 20,857,2024-01-22T20:00,-0.5,92.0,0.1,16.9,-5.3,24.5,51
01/22/2024 21,606,2024-01-22T21:00,-0.4,92.0,0.2,13.4,-4.8,24.1,51
01/22/2024 22,418,2024-01-22T22:00,-0.4,92.0,0.3,10.6,-4.4,19.1,51
01/22/2024 23,330,2024-01-22T23:00,-0.6,93.0,0.2,8.7,-4.2,15.1,51
01/23/2024 00,194,2024-01-23T00:00,-0.7,93.0,0.1,8.0,-4.2,12.2,51
01/23/2024 01,99,2024-01-23T01:00,-0.5,93.0,0.3,7.3,-4.0,10.8,51
01/23/2024 02,47,2024-01-23T02:00,-0.7,92.0,0.6,8.6,-4.3,12.2,53
01/23/2024 03,51,2024-01-23T03:00,-0.7,91.0,0.7,9.1,-4.4,12.6,53
01/23/2024 04,75,2024-01-23T04:00,-0.6,90.0,1.0,11.7,-4.8,16.9,55
01/23/2024 05,148,2024-01-23T05:00,-0.6,92.0,0.8,10.8,-4.6,16.9,53
01/23/2024 06,403,2024-01-23T06:00,-0.6,92.0,1.0,10.5,-4.5,15.5,55
01/23/2024 07,767,2024-01-23T07:00,-0.1,91.0,0.9,12.4,-4.2,16.9,53
01/23/2024 08,1107,2024-01-23T08:00,0.1,92.0,1.6,14.1,-4.3,20.5,61
01/23/2024 09,1315,2024-01-23T09:00,0.3,93.0,0.8,14.7,-4.1,20.9,53
01/23/2024 10,1137,2024-01-23T10:00,1.0,90.0,0.3,13.5,-3.2,22.7,51
01/23/2024 11,1200,2024-01-23T11:00,0.9,93.0,0.3,8.9,-2.5,21.2,51
01/23/2024 12,1354,2024-01-23T12:00,1.0,94.0,0.3,7.4,-2.2,13.3,51
01/23/2024 13,1281,2024-01-23T13:00,1.2,95.0,0.2,4.5,-1.6,11.5,51
01/23/2024 14,1247,2024-01-23T14:00,1.5,95.0,0.0,4.6,-1.2,10.1,3
01/23/2024 15,1279,2024-01-23T15:00,1.6,96.0,0.0,3.9,-1.0,9.7,3
01/23/2024 16,1318,2024-01-23T16:00,1.6,96.0,0.0,3.7,-0.9,8.3,3
01/23/2024 17,1362,2024-01-23T17:00,1.0,98.0,0.0,5.2,-1.8,5.0,3
01/23/2024 18,1297,2024-01-23T18:00,0.8,98.0,0.0,7.8,-2.4,9.7,3
01/23/2024 19,1115,2024-01-23T19:00,-1.5,99.0,0.0,7.9,-5.0,10.4,3
01/23/2024 20,806,2024-01-23T20:00,-1.2,98.0,0.0,5.4,-4.3,10.1,3
01/23/2024 21,534,2024-01-23T21:00,-1.2,99.0,0.0,5.2,-4.3,7.2,3
01/23/2024 22,391,2024-01-23T22:00,-0.9,99.0,0.0,3.6,-3.8,6.5,3
01/23/2024 23,238,2024-01-23T23:00,-0.9,99.0,0.0,4.3,-3.9,5.0,3
01/24/2024 00,144,2024-01-24T00:00,-0.9,100.0,0.0,4.5,-3.9,6.5,3
01/24/2024 01,50,2024-01-24T01:00,-0.9,100.0,0.0,1.9,-3.5,6.1,3
01/24/2024 02,42,2024-01-24T02:00,-0.9,100.0,0.0,3.8,-3.8,5.0,3
01/24/2024 03,66,2024-01-24T03:00,-0.9,100.0,0.1,4.1,-3.8,5.8,51
01/24/2024 04,94,2024-01-24T04:00,-0.8,99.0,0.3,3.4,-3.6,5.4,51
01/24/2024 05,193,2024-01-24T05:00,-0.5,100.0,0.5,6.6,-3.7,9.0,53
01/24/2024 06,404,2024-01-24T06:00,-0.3,99.0,0.2,7.6,-3.6,10.1,51
01/24/2024 07,722,2024-01-24T07:00,0.3,100.0,0.1,9.4,-3.2,13.0,51
01/24/2024 08,1011,2024-01-24T08:00,0.6,100.0,0.1,10.0,-2.9,13.7,51
01/24/2024 09,1177,2024-01-24T09:00,1.0,99.0,0.3,10.0,-2.5,15.5,51
01/24/2024 10,1213,2024-01-24T10:00,1.4,98.0,0.3,11.2,-2.2,17.6,51
01/24/2024 11,1271,2024-01-24T11:00,1.5,99.0,0.6,12.0,-2.2,18.0,53
01/24/2024 12,1352,2024-01-24T12:00,1.5,99.0,1.3,15.0,-2.7,22.3,61
01/24/2024 13,1296,2024-01-24T13:00,1.8,96.0,0.2,13.0,-2.0,22.7,51
01/24/2024 14,1337,2024-01-24T14:00,2.2,95.0,0.1,12.4,-1.5,21.6,51
01/24/2024 15,1341,2024-01-24T15:00,1.7,98.0,0.2,12.1,-2.0,20.9,51
01/24/2024 16,1366,2024-01-24T16:00,1.6,98.0,0.1,13.7,-2.4,20.9,51
01/24/2024 17,1363,2024-01-24T17:00,1.5,98.0,0.3,13.2,-2.4,20.5,51
01/24/2024 18,1192,2024-01-24T18:00,1.4,98.0,0.7,13.8,-2.6,19.4,53
01/24/2024 19,1109,2024-01-24T19:00,1.5,98.0,0.1,13.3,-2.4,20.5,51
01/24/2024 20,807,2024-01-24T20:00,1.4,99.0,0.0,13.5,-2.5,20.5,3
01/24/2024 21,623,2024-01-24T21:00,1.3,99.0,0.0,13.1,-2.6,19.4,3
01/24/2024 22,399,2024-01-24T22:00,1.1,98.0,0.0,11.0,-2.6,18.4,3
01/24/2024 23,286,2024-01-24T23:00,0.9,98.0,0.0,9.4,-2.5,15.1,3
01/25/2024 00,154,2024-01-25T00:00,0.6,99.0,0.0,10.3,-3.0,13.0,3
01/25/2024 01,62,2024-01-25T01:00,0.9,99.0,0.0,13.2,-3.0,19.1,3
01/25/2024 02,30,2024-01-25T02:00,0.7,98.0,0.0,13.4,-3.4,19.1,3
01/25/2024 03,56,2024-01-25T03:00,0.8,98.0,0.0,14.1,-3.4,20.5,3
01/25/2024 04,101,2024-01-25T04:00,0.6,99.0,0.0,14.1,-3.5,20.5,3
01/25/2024 05,172,2024-01-25T05:00,0.7,99.0,0.0,14.3,-3.4,20.5,3
01/25/2024 06,400,2024-01-25T06:00,0.9,99.0,0.0,13.1,-3.0,20.5,3
01/25/2024 07,754,2024-01-25T07:00,0.7,99.0,0.0,9.8,-2.8,16.9,3
01/25/2024 08,1003,2024-01-25T08:00,1.0,99.0,0.0,7.5,-2.1,13.0,3
01/25/2024 09,1065,2024-01-25T09:00,2.2,96.0,0.0,6.7,-0.7,12.6,3
01/25/2024 10,1066,2024-01-25T10:00,3.1,93.0,0.0,5.6,0.5,13.7,3
01/25/2024 11,1065,2024-01-25T11:00,3.7,93.0,0.0,9.0,0.6,18.0,3
01/25/2024 12,1111,2024-01-25T12:00,3.8,93.0,0.0,12.4,0.3,21.6,3
01/25/2024 13,1131,2024-01-25T13:00,3.4,97.0,0.0,15.1,-0.4,24.5,3
01/25/2024 14,1203,2024-01-25T14:00,3.0,97.0,0.0,18.5,-1.4,28.1,3
01/25/2024 15,1218,2024-01-25T15:00,2.4,98.0,0.0,17.6,-1.9,28.8,3
01/25/2024 16,1278,2024-01-25T16:00,2.0,98.0,0.0,17.1,-2.4,26.3,3
01/25/2024 17,1305,2024-01-25T17:00,2.1,98.0,0.1,14.5,-1.8,25.2,51
01/25/2024 18,1234,2024-01-25T18:00,2.1,99.0,0.8,15.3,-1.9,21.6,53
01/25/2024 19,1157,2024-01-25T19:00,2.3,98.0,1.3,18.6,-2.2,26.3,61
01/25/2024 20,1003,2024-01-25T20:00,2.4,98.0,1.8,21.3,-2.5,30.2,61
01/25/2024 21,790,2024-01-25T21:00,2.4,97.0,1.6,19.5,-2.2,31.3,61
01/25/2024 22,566,2024-01-25T22:00,2.4,96.0,1.9,21.7,-2.6,31.7,61
01/25/2024 23,343,2024-01-25T23:00,2.2,96.0,1.7,21.9,-2.8,31.7,61
01/26/2024 00,224,2024-01-26T00:00,2.1,96.0,1.0,20.7,-2.8,33.8,55
01/26/2024 01,128,2024-01-26T01:00,2.0,96.0,1.5,18.4,-2.6,29.9,61
01/26/2024 02,61,2024-01-26T02:00,1.9,96.0,1.6,17.3,-2.6,26.6,61
01/26/2024 03,46,2024-01-26T03:00,1.8,96.0,0.7,21.2,-3.2,30.6,53
01/26/2024 04,84,2024-01-26T04:00,1.9,96.0,0.1,19.6,-2.9,30.6,51
01/26/2024 05,157,2024-01-26T05:00,2.0,96.0,0.0,16.8,-2.4,28.4,3
01/26/2024 06,291,2024-01-26T06:00,1.8,96.0,0.0,17.0,-2.6,24.1,3
01/26/2024 07,528,2024-01-26T07:00,1.7,98.0,0.1,12.6,-2.0,20.9,51
01/26/2024 08,792,2024-01-26T08:00,1.8,97.0,0.0,10.3,-1.6,18.0,3
01/26/2024 09,871,2024-01-26T09:00,2.2,96.0,0.0,14.6,-1.8,21.6,3
01/26/2024 10,903,2024-01-26T10:00,3.3,92.0,0.0,14.2,-0.5,25.2,3
01/26/2024 11,945,2024-01-26T11:00,3.6,93.0,0.0,14.1,-0.2,23.8,3
01/26/2024 12,1027,2024-01-26T12:00,3.4,92.0,0.0,12.6,-0.2,23.8,3
01/26/2024 13,1071,2024-01-26T13:00,3.0,93.0,0.1,13.3,-0.8,20.9,51
01/26/2024 14,1139,2024-01-26T14:00,2.6,95.0,0.2,13.7,-1.2,22.3,51
01/26/2024 15,1204,2024-01-26T15:00,2.6,97.0,0.1,12.5,-1.1,22.0,51
01/26/2024 16,1201,2024-01-26T16:00,2.1,98.0,0.3,11.6,-1.4,19.4,51
01/26/2024 17,1263,2024-01-26T17:00,1.7,98.0,0.9,8.0,-1.4,17.3,53
01/26/2024 18,1298,2024-01-26T18:00,1.7,98.0,0.9,8.3,-1.4,11.9,53
01/26/2024 19,994,2024-01-26T19:00,1.9,97.0,0.2,8.0,-1.2,11.5,51
01/26/2024 20,704,2024-01-26T20:00,1.6,98.0,0.1,8.7,-1.6,11.9,51
01/26/2024 21,536,2024-01-26T21:00,1.4,98.0,0.0,10.0,-2.1,14.4,3
01/26/2024 22,454,2024-01-26T22:00,1.3,98.0,0.0,8.0,-1.9,14.0,3
01/26/2024 23,377,2024-01-26T23:00,1.2,98.0,0.0,7.6,-1.9,11.2,3
01/27/2024 00,294,2024-01-27T00:00,1.0,99.0,0.0,6.4,-2.0,10.8,3
01/27/2024 01,223,2024-01-27T01:00,1.0,99.0,0.0,6.6,-2.0,9.0,3
01/27/2024 02,124,2024-01-27T02:00,1.0,98.0,0.0,8.8,-2.3,12.6,3
01/27/2024 03,95,2024-01-27T03:00,0.5,99.0,0.0,9.4,-3.0,14.0,0
01/27/2024 04,77,2024-01-27T04:00,-0.3,99.0,0.0,6.2,-3.5,13.3,3
01/27/2024 05,86,2024-01-27T05:00,0.3,99.0,0.0,2.7,-2.2,7.6,3
01/27/2024 06,133,2024-01-27T06:00,0.6,98.0,0.0,7.7,-2.7,10.8,3
01/27/2024 07,192,2024-01-27T07:00,0.8,100.0,0.0,5.5,-2.0,10.4,3
01/27/2024 08,231,2024-01-27T08:00,0.9,99.0,0.0,8.4,-2.3,12.2,3
01/27/2024 09,383,2024-01-27T09:00,1.6,97.0,0.0,8.0,-1.6,15.8,3
01/27/2024 10,443,2024-01-27T10:00,2.2,96.0,0.0,10.6,-1.3,18.4,3
01/27/2024 11,556,2024-01-27T11:00,2.6,95.0,0.0,10.3,-0.8,21.2,3
01/27/2024 12,594,2024-01-27T12:00,2.8,98.0,0.0,11.6,-0.7,20.5,3
01/27/2024 13,683,2024-01-27T13:00,2.7,97.0,0.0,13.4,-1.0,21.2,3
01/27/2024 14,645,2024-01-27T14:00,2.3,99.0,0.0,15.9,-1.9,24.1,3
01/27/2024 15,628,2024-01-27T15:00,2.0,99.0,0.0,14.8,-2.0,24.8,3
01/27/2024 16,693,2024-01-27T16:00,1.7,100.0,0.1,13.4,-2.1,23.0,51
01/27/2024 17,655,2024-01-27T17:00,1.6,100.0,0.2,15.6,-2.6,22.3,51
01/27/2024 18,745,2024-01-27T18:00,1.6,99.0,0.1,16.0,-2.7,23.4,51
01/27/2024 19,652,2024-01-27T19:00,1.5,99.0,0.2,17.8,-3.0,25.2,51
01/27/2024 20,521,2024-01-27T20:00,1.5,98.0,0.4,20.6,-3.4,30.2,51
01/27/2024 21,517,2024-01-27T21:00,1.4,98.0,0.5,22.4,-3.8,32.0,53
01/27/2024 22,412,2024-01-27T22:00,1.3,98.0,0.8,23.8,-4.1,34.6,53
01/27/2024 23,410,2024-01-27T23:00,1.3,98.0,0.7,24.5,-4.2,36.0,53
01/28/2024 00,281,2024-01-28T00:00,1.4,96.0,0.5,24.9,-4.2,36.4,53
01/28/2024 01,212,2024-01-28T01:00,1.5,96.0,0.3,25.2,-4.1,36.7,51
01/28/2024 02,145,2024-01-28T02:00,1.6,96.0,0.4,27.0,-4.3,39.2,51
01/28/2024 03,93,2024-01-28T03:00,1.5,96.0,0.3,28.5,-4.6,41.8,51
01/28/2024 04,102,2024-01-28T04:00,1.6,96.0,0.3,27.7,-4.4,41.8,51
01/28/2024 05,75,2024-01-28T05:00,1.6,96.0,0.3,27.1,-4.4,40.7,51
01/28/2024 06,129,2024-01-28T06:00,1.5,96.0,0.1,27.1,-4.5,40.0,51
01/28/2024 07,168,2024-01-28T07:00,1.4,96.0,0.0,26.2,-4.4,41.4,3
01/28/2024 08,233,2024-01-28T08:00,1.5,95.0,0.0,26.5,-4.4,38.9,3
01/28/2024 09,370,2024-01-28T09:00,1.7,94.0,0.0,29.2,-4.6,41.4,3
01/28/2024 10,431,2024-01-28T10:00,2.2,89.0,0.0,33.3,-4.8,48.6,3
01/28/2024 11,490,2024-01-28T11:00,2.2,88.0,0.0,31.7,-4.5,49.7,3
01/28/2024 12,569,2024-01-28T12:00,2.4,83.0,0.0,29.5,-4.1,46.8,3
01/28/2024 13,551,2024-01-28T13:00,2.5,80.0,0.0,29.1,-3.9,44.6,3
01/28/2024 14,633,2024-01-28T14:00,2.6,79.0,0.0,25.8,-3.4,43.9,2
01/28/2024 15,639,2024-01-28T15:00,2.2,81.0,0.0,23.4,-3.4,39.2,3
01/28/2024 16,611,2024-01-28T16:00,1.7,81.0,0.0,19.8,-3.5,35.6,3
01/28/2024 17,619,2024-01-28T17:00,1.1,86.0,0.0,14.4,-3.3,29.5,3
01/28/2024 18,638,2024-01-28T18:00,0.7,88.0,0.0,11.6,-3.3,20.5,3
01/28/2024 19,632,2024-01-28T19:00,0.4,91.0,0.0,5.4,-2.6,12.2,3
01/28/2024 20,573,2024-01-28T20:00,0.0,90.0,0.0,9.0,-3.7,11.5,3
01/28/2024 21,528,2024-01-28T21:00,0.0,86.0,0.0,12.6,-4.3,17.6,3
01/28/2024 22,276,2024-01-28T22:00,-0.3,85.0,0.0,12.2,-4.6,18.7,3
01/28/2024 23,292,2024-01-28T23:00,-0.4,87.0,0.0,10.7,-4.5,16.9,3
01/29/2024 00,240,2024-01-29T00:00,-0.3,88.0,0.0,10.1,-4.3,14.4,3
01/29/2024 01,64,2024-01-29T01:00,-0.6,90.0,0.0,11.1,-4.7,15.1,2
01/29/2024 02,39,2024-01-29T02:00,-1.5,92.0,0.0,11.5,-5.7,16.2,2
01/29/2024 03,53,2024-01-29T03:00,-2.3,92.0,0.0,11.9,-6.7,16.2,1
01/29/2024 04,72,2024-01-29T04:00,-2.4,92.0,0.0,11.5,-6.7,16.6,0
01/29/2024 05,151,2024-01-29T05:00,-2.9,92.0,0.0,11.8,-7.3,16.2,0
01/29/2024 06,288,2024-01-29T06:00,-3.3,93.0,0.0,13.1,-8.0,18.0,0
01/29/2024 07,586,2024-01-29T07:00,-3.4,94.0,0.0,13.7,-8.1,20.2,3
01/29/2024 08,904,2024-01-29T08:00,-2.9,94.0,0.0,14.3,-7.7,20.9,3
01/29/2024 09,1030,2024-01-29T09:00,-2.0,93.0,0.0,16.3,-7.0,25.2,3
01/29/2024 10,919,2024-01-29T10:00,-0.5,88.0,0.0,16.2,-5.4,26.3,3
01/29/2024 11,899,2024-01-29T11:00,1.5,82.0,0.0,15.3,-3.0,27.0,1
01/29/2024 12,980,2024-01-29T12:00,3.4,77.0,0.0,17.7,-1.4,29.5,1
01/29/2024 13,943,2024-01-29T13:00,4.8,73.0,0.0,18.3,0.0,30.2,1
01/29/2024 14,922,2024-01-29T14:00,5.6,72.0,0.0,19.5,0.8,31.0,0
01/29/2024 15,979,2024-01-29T15:00,5.9,72.0,0.0,19.9,1.1,31.7,0
01/29/2024 16,1000,2024-01-29T16:00,5.5,75.0,0.0,18.8,0.9,30.6,0
01/29/2024 17,1031,2024-01-29T17:00,3.9,80.0,0.0,19.5,-1.0,27.0,0
01/29/2024 18,927,2024-01-29T18:00,2.9,84.0,0.0,19.3,-2.0,27.0,0
01/29/2024 19,678,2024-01-29T19:00,0.0,86.0,0.0,20.9,-5.5,29.9,0
01/29/2024 20,625,2024-01-29T20:00,-0.1,86.0,0.0,22.4,-5.9,31.3,1
01/29/2024 21,405,2024-01-29T21:00,-0.2,86.0,0.0,21.9,-5.8,33.1,3
01/29/2024 22,396,2024-01-29T22:00,0.0,87.0,0.0,23.0,-5.8,33.1,3
01/29/2024 23,253,2024-01-29T23:00,0.3,87.0,0.0,20.8,-5.1,33.1,3
01/30/2024 00,155,2024-01-30T00:00,0.8,85.0,0.0,20.0,-4.5,30.2,3
01/30/2024 01,75,2024-01-30T01:00,0.9,86.0,0.9,18.8,-4.1,29.5,73
01/30/2024 02,35,2024-01-30T02:00,0.7,89.0,1.7,19.2,-4.4,27.7,73
01/30/2024 03,32,2024-01-30T03:00,0.8,90.0,0.6,17.6,-4.0,27.4,53
01/30/2024 04,61,2024-01-30T04:00,0.4,93.0,0.0,15.4,-4.1,25.2,3
01/30/2024 05,121,2024-01-30T05:00,-0.2,94.0,0.0,13.5,-4.4,21.6,3
01/30/2024 06,314,2024-01-30T06:00,-0.3,95.0,0.0,12.6,-4.5,18.7,3
01/30/2024 07,725,2024-01-30T07:00,0.4,95.0,0.0,10.9,-3.4,18.0,3
01/30/2024 08,1055,2024-01-30T08:00,0.9,95.0,0.0,11.3,-2.9,15.8,3
01/30/2024 09,1046,2024-01-30T09:00,1.6,94.0,0.0,11.3,-2.1,17.3,3
01/30/2024 10,929,2024-01-30T10:00,2.4,89.0,0.0,15.5,-1.9,23.0,3
01/30/2024 11,956,2024-01-30T11:00,2.7,86.0,0.0,13.7,-1.4,25.2,3
01/30/2024 12,930,2024-01-30T12:00,4.1,78.0,0.0,15.6,-0.3,24.5,3
01/30/2024 13,980,2024-01-30T13:00,4.3,75.0,0.0,21.8,-1.0,33.8,3
01/30/2024 14,997,2024-01-30T14:00,3.3,80.0,0.0,20.7,-1.8,34.6,3
01/30/2024 15,1078,2024-01-30T15:00,3.1,81.0,0.0,17.5,-1.6,31.7,3
01/30/2024 16,1099,2024-01-30T16:00,2.8,83.0,0.0,16.0,-1.6,26.6,3
01/30/2024 17,1171,2024-01-30T17:00,2.1,86.0,0.0,13.7,-2.0,23.0,3
01/30/2024 18,1006,2024-01-30T18:00,1.8,88.0,0.0,12.5,-2.1,19.4,3
01/30/2024 19,866,2024-01-30T19:00,1.6,88.0,0.0,11.9,-2.3,16.2,3
01/30/2024 20,589,2024-01-30T20:00,1.5,87.0,0.0,14.4,-2.9,20.2,3
01/30/2024 21,440,2024-01-30T21:00,1.3,87.0,0.0,13.9,-2.9,20.5,3
01/30/2024 22,356,2024-01-30T22:00,1.2,88.0,0.0,13.6,-3.1,19.4,3
01/30/2024 23,235,2024-01-30T23:00,1.2,88.0,0.0,13.0,-3.0,19.1,3
01/31/2024 00,116,2024-01-31T00:00,0.9,88.0,0.0,14.1,-3.4,19.8,3
01/31/2024 01,57,2024-01-31T01:00,0.5,90.0,0.0,11.7,-3.5,19.8,3
01/31/2024 02,23,2024-01-31T02:00,-0.2,91.0,0.0,10.9,-4.1,16.2,1
01/31/2024 03,43,2024-01-31T03:00,-1.2,92.0,0.0,11.3,-5.3,15.1,0
01/31/2024 04,68,2024-01-31T04:00,-1.6,92.0,0.0,12.1,-5.9,16.6,0
01/31/2024 05,120,2024-01-31T05:00,-2.2,93.0,0.0,10.4,-6.3,16.2,0
01/31/2024 06,311,2024-01-31T06:00,-2.7,93.0,0.0,10.1,-6.9,13.7,0
01/31/2024 07,708,2024-01-31T07:00,-1.6,92.0,0.0,10.8,-5.7,15.5,0
01/31/2024 08,1095,2024-01-31T08:00,-1.2,92.0,0.0,10.2,-5.2,15.1,0
01/31/2024 09,1026,2024-01-31T09:00,0.6,89.0,0.0,10.9,-3.3,18.0,0
01/31/2024 10,902,2024-01-31T10:00,3.0,81.0,0.0,13.7,-1.2,23.0,0
01/31/2024 11,962,2024-01-31T11:00,4.5,70.0,0.0,19.3,-0.5,30.2,0
01/31/2024 12,1077,2024-01-31T12:00,5.4,69.0,0.0,21.2,0.2,34.2,0
01/31/2024 13,1038,2024-01-31T13:00,6.2,68.0,0.0,20.5,1.2,34.2,0
01/31/2024 14,1077,2024-01-31T14:00,6.7,67.0,0.0,21.0,1.7,33.1,0
01/31/2024 15,1074,2024-01-31T15:00,6.8,68.0,0.0,20.5,1.9,32.8,0
01/31/2024 16,1157,2024-01-31T16:00,6.3,72.0,0.0,19.4,1.6,31.3,0
01/31/2024 17,1240,2024-01-31T17:00,4.6,77.0,0.0,18.6,-0.1,27.7,0
01/31/2024 18,1149,2024-01-31T18:00,3.5,82.0,0.0,19.6,-1.4,27.0,0
01/31/2024 19,944,2024-01-31T19:00,0.5,89.0,0.0,21.6,-5.0,31.0,0
01/31/2024 20,750,2024-01-31T20:00,0.6,87.0,0.0,21.7,-4.9,32.0,0
01/31/2024 21,553,2024-01-31T21:00,0.6,86.0,0.0,21.9,-4.9,31.3,0
01/31/2024 22,377,2024-01-31T22:00,0.5,87.0,0.0,21.9,-5.1,31.3,0
01/31/2024 23,248,2024-01-31T23:00,0.5,88.0,0.0,21.3,-5.0,31.3,0
02/01/2024 00,168,2024-02-01T00:00,0.5,88.0,0.0,19.1,-4.6,30.2,0
02/01/2024 01,79,2024-02-01T01:00,0.5,88.0,0.0,17.8,-4.4,27.0,0
02/01/2024 02,42,2024-02-01T02:00,0.6,88.0,0.0,18.7,-4.5,25.9,0
02/01/2024 03,42,2024-02-01T03:00,0.6,88.0,0.0,17.8,-4.3,25.9,0
02/01/2024 04,87,2024-02-01T04:00,0.6,88.0,0.0,19.6,-4.5,27.4,0
02/01/2024 05,151,2024-02-01T05:00,0.6,88.0,0.0,18.0,-4.4,27.7,0
02/01/2024 06,342,2024-02-01T06:00,0.4,89.0,0.0,17.2,-4.5,24.8,0
02/01/2024 07,726,2024-02-01T07:00,0.9,90.0,0.0,15.9,-3.6,21.6,0
02/01/2024 08,1071,2024-02-01T08:00,1.8,89.0,0.0,11.8,-2.1,22.0,0
02/01/2024 09,1050,2024-02-01T09:00,3.7,87.0,0.0,10.8,0.3,16.6,2
02/01/2024 10,962,2024-02-01T10:00,6.1,81.0,0.0,13.7,2.5,23.0,0
02/01/2024 11,1021,2024-02-01T11:00,8.2,76.0,0.0,11.4,5.1,23.4,0
02/01/2024 12,1027,2024-02-01T12:00,9.5,74.0,0.0,10.1,6.8,20.5,0
02/01/2024 13,1058,2024-02-01T13:00,10.2,73.0,0.0,7.4,8.0,19.8,0
02/01/2024 14,1140,2024-02-01T14:00,9.3,82.0,0.0,12.8,6.5,20.5,0
02/01/2024 15,1165,2024-02-01T15:00,5.5,86.0,0.0,20.3,0.9,32.0,0
02/01/2024 16,1285,2024-02-01T16:00,3.7,89.0,0.0,20.3,-1.1,32.0,0
02/01/2024 17,1418,2024-02-01T17:00,2.1,93.0,0.0,20.7,-2.9,30.6,0
02/01/2024 18,1126,2024-02-01T18:00,1.7,94.0,0.0,20.6,-3.3,31.3,0
02/01/2024 19,1122,2024-02-01T19:00,1.5,95.0,0.0,17.3,-3.0,26.6,0
02/01/2024 20,932,2024-02-01T20:00,1.4,95.0,0.0,17.7,-3.2,24.5,0
02/01/2024 21,645,2024-02-01T21:00,1.5,92.0,0.0,20.0,-3.5,27.7,0
02/01/2024 22,444,2024-02-01T22:00,1.4,91.0,0.0,22.0,-3.9,31.0,0
02/01/2024 23,270,2024-02-01T23:00,1.3,92.0,0.0,22.1,-4.1,32.0,1
02/02/2024 00,218,2024-02-02T00:00,1.2,93.0,0.0,21.9,-4.1,31.3,3
02/02/2024 01,156,2024-02-02T01:00,1.3,93.0,0.0,22.2,-4.1,32.0,2
02/02/2024 02,60,2024-02-02T02:00,1.2,92.0,0.0,21.7,-4.1,32.0,0
02/02/2024 03,60,2024-02-02T03:00,0.9,91.0,0.0,19.0,-4.1,30.6,0
02/02/2024 04,82,2024-02-02T04:00,0.1,93.0,0.0,16.3,-4.5,26.6,0
02/02/2024 05,129,2024-02-02T05:00,-0.3,93.0,0.0,15.5,-4.9,23.0,0
02/02/2024 06,316,2024-02-02T06:00,-0.3,94.0,0.0,16.5,-5.0,22.7,0
02/02/2024 07,563,2024-02-02T07:00,0.6,93.0,0.0,16.4,-4.0,23.0,2
02/02/2024 08,771,2024-02-02T08:00,1.5,91.0,0.0,19.4,-3.5,27.4,2
02/02/2024 09,877,2024-02-02T09:00,2.1,89.0,0.0,19.4,-2.8,30.6,3
02/02/2024 10,886,2024-02-02T10:00,2.3,89.0,0.0,18.9,-2.5,30.2,2
02/02/2024 11,874,2024-02-02T11:00,2.8,88.0,0.0,19.8,-2.1,32.0,1
02/02/2024 12,988,2024-02-02T12:00,2.8,87.0,0.0,18.4,-1.9,32.4,3
02/02/2024 13,1045,2024-02-02T13:00,2.4,87.0,0.0,18.1,-2.3,31.3,3
02/02/2024 14,1084,2024-02-02T14:00,1.8,89.0,0.0,17.1,-2.8,30.6,3
02/02/2024 15,1031,2024-02-02T15:00,1.5,88.0,0.0,18.3,-3.3,29.5,3
02/02/2024 16,1059,2024-02-02T16:00,1.2,87.0,0.0,20.3,-4.0,31.0,2
02/02/2024 17,1127,2024-02-02T17:00,0.3,89.0,0.0,17.4,-4.5,30.6,0
02/02/2024 18,1025,2024-02-02T18:00,-0.2,90.0,0.0,17.3,-5.1,24.8,0
02/02/2024 19,890,2024-02-02T19:00,-0.1,90.0,0.0,15.6,-4.8,21.6,0
02/02/2024 20,753,2024-02-02T20:00,0.0,90.0,0.0,15.7,-4.6,22.0,0
02/02/2024 21,515,2024-02-02T21:00,0.3,90.0,0.0,15.9,-4.4,22.0,0
02/02/2024 22,361,2024-02-02T22:00,-0.1,92.0,0.0,13.6,-4.4,22.0,0
02/02/2024 23,294,2024-02-02T23:00,-1.0,92.0,0.0,12.0,-5.2,18.0,0
02/03/2024 00,316,2024-02-03T00:00,-2.0,93.0,0.0,10.3,-6.0,15.8,0
02/03/2024 01,209,2024-02-03T01:00,-2.7,93.0,0.0,9.5,-6.7,13.0,0
02/03/2024 02,113,2024-02-03T02:00,-2.9,92.0,0.0,9.7,-7.0,12.2,0
02/03/2024 03,98,2024-02-03T03:00,-2.6,91.0,0.0,11.6,-6.9,14.8,0
02/03/2024 04,74,2024-02-03T04:00,-2.3,90.0,0.0,13.6,-6.9,18.4,0
02/03/2024 05,95,2024-02-03T05:00,-2.2,90.0,0.0,14.3,-6.9,19.4,0
02/03/2024 06,135,2024-02-03T06:00,-2.2,90.0,0.0,14.6,-6.9,19.8,0
02/03/2024 07,151,2024-02-03T07:00,-2.4,92.0,0.0,13.7,-7.0,18.7,0
02/03/2024 08,311,2024-02-03T08:00,-1.2,90.0,0.0,13.2,-5.7,19.4,0
02/03/2024 09,460,2024-02-03T09:00,-0.4,86.0,0.0,14.6,-5.0,23.4,0
02/03/2024 10,520,2024-02-03T10:00,0.4,84.0,0.0,13.3,-4.0,23.8,0
02/03/2024 11,626,2024-02-03T11:00,1.5,82.0,0.0,12.2,-2.6,23.4,0
02/03/2024 12,609,2024-02-03T12:00,2.3,81.0,0.0,13.0,-1.9,24.1,0
02/03/2024 13,668,2024-02-03T13:00,2.6,81.0,0.0,14.6,-1.7,25.9,0
02/03/2024 14,667,2024-02-03T14:00,2.9,79.0,0.0,16.3,-1.7,27.7,0
02/03/2024 15,636,2024-02-03T15:00,2.8,80.0,0.0,17.5,-1.9,28.4,0
02/03/2024 16,726,2024-02-03T16:00,2.1,85.0,0.0,16.8,-2.5,28.4,0
02/03/2024 17,707,2024-02-03T17:00,1.2,89.0,0.0,15.0,-3.2,25.9,0
02/03/2024 18,688,2024-02-03T18:00,0.9,89.0,0.0,14.8,-3.5,21.2,0
02/03/2024 19,733,2024-02-03T19:00,0.2,90.0,0.0,15.7,-4.4,21.6,0
02/03/2024 20,590,2024-02-03T20:00,0.3,90.0,0.0,15.9,-4.4,22.0,0
02/03/2024 21,476,2024-02-03T21:00,0.1,89.0,0.0,14.8,-4.4,22.0,0
02/03/2024 22,466,2024-02-03T22:00,-0.4,87.0,0.0,14.1,-5.0,20.2,0
02/03/2024 23,383,2024-02-03T23:00,-0.9,86.0,0.0,13.0,-5.4,18.7,0
02/04/2024 00,279,2024-02-04T00:00,-1.2,86.0,0.0,13.7,-5.8,18.0,0
02/04/2024 01,216,2024-02-04T01:00,-1.1,85.0,0.0,15.4,-6.0,20.9,0
02/04/2024 02,159,2024-02-04T02:00,-1.4,87.0,0.0,13.2,-6.0,20.9,0
02/04/2024 03,95,2024-02-04T03:00,-2.0,89.0,0.0,11.7,-6.3,17.6,0
02/04/2024 04,80,2024-02-04T04:00,-1.8,88.0,0.0,13.5,-6.4,17.3,3
02/04/2024 05,74,2024-02-04T05:00,-1.8,88.0,0.0,14.2,-6.5,18.7,0
02/04/2024 06,138,2024-02-04T06:00,-1.8,87.0,0.0,14.7,-6.6,19.8,0
02/04/2024 07,172,2024-02-04T07:00,-2.0,88.0,0.0,14.5,-6.7,19.4,0
02/04/2024 08,281,2024-02-04T08:00,-0.6,85.0,0.0,14.2,-5.2,20.5,0
02/04/2024 09,399,2024-02-04T09:00,0.5,84.0,0.0,14.3,-4.0,23.4,0
02/04/2024 10,488,2024-02-04T10:00,1.1,84.0,0.0,12.3,-3.1,23.4,0
02/04/2024 11,511,2024-02-04T11:00,1.7,84.0,0.0,12.4,-2.4,23.4,0
02/04/2024 12,555,2024-02-04T12:00,2.1,85.0,0.0,15.2,-2.3,27.0,0
02/04/2024 13,562,2024-02-04T13:00,2.4,83.0,0.0,19.7,-2.6,32.4,0
02/04/2024 14,642,2024-02-04T14:00,2.6,84.0,0.0,21.3,-2.6,34.6,0
02/04/2024 15,623,2024-02-04T15:00,2.5,82.0,0.0,21.3,-2.8,34.2,0
02/04/2024 16,712,2024-02-04T16:00,2.0,85.0,0.0,20.0,-3.1,33.8,0
02/04/2024 17,664,2024-02-04T17:00,1.0,91.0,0.0,18.3,-3.8,30.2,0
02/04/2024 18,688,2024-02-04T18:00,0.6,91.0,0.0,18.5,-4.3,25.9,0
02/04/2024 19,684,2024-02-04T19:00,0.5,91.0,0.0,18.6,-4.5,26.6,0
02/04/2024 20,665,2024-02-04T20:00,0.4,88.0,0.0,17.4,-4.5,26.6,0
02/04/2024 21,439,2024-02-04T21:00,0.3,87.0,0.0,15.7,-4.4,24.1,0
02/04/2024 22,348,2024-02-04T22:00,0.1,89.0,0.0,15.6,-4.5,21.2,0
02/04/2024 23,262,2024-02-04T23:00,0.2,91.0,0.0,17.2,-4.7,23.8,0
02/05/2024 00,221,2024-02-05T00:00,0.3,92.0,0.0,17.7,-4.6,24.5,0
02/05/2024 01,94,2024-02-05T01:00,0.2,90.0,0.0,16.8,-4.6,24.1,0
02/05/2024 02,65,2024-02-05T02:00,-0.3,91.0,0.0,16.8,-5.2,23.0,0
02/05/2024 03,52,2024-02-05T03:00,-0.4,92.0,0.0,16.3,-5.2,23.0,0
02/05/2024 04,69,2024-02-05T04:00,-0.5,93.0,0.0,16.2,-5.3,22.7,0
02/05/2024 05,174,2024-02-05T05:00,-1.0,95.0,0.0,15.1,-5.6,22.3,0
02/05/2024 06,326,2024-02-05T06:00,-1.4,94.0,0.0,14.4,-6.0,20.5,0
02/05/2024 07,605,2024-02-05T07:00,-1.2,95.0,0.0,15.9,-5.9,21.6,1
02/05/2024 08,881,2024-02-05T08:00,0.3,94.0,0.0,15.2,-4.1,22.0,1
02/05/2024 09,1041,2024-02-05T09:00,1.5,88.0,0.0,20.5,-3.7,31.3,2
02/05/2024 10,978,2024-02-05T10:00,2.2,83.0,0.0,21.7,-3.2,34.6,3
02/05/2024 11,1000,2024-02-05T11:00,2.6,83.0,0.0,22.8,-2.9,35.6,3
02/05/2024 12,1020,2024-02-05T12:00,2.7,83.0,0.0,23.4,-2.8,37.4,2
02/05/2024 13,991,2024-02-05T13:00,2.7,82.0,0.0,23.4,-2.9,37.4,2
02/05/2024 14,1002,2024-02-05T14:00,2.6,81.0,0.0,22.3,-2.9,37.4,2
02/05/2024 15,1107,2024-02-05T15:00,2.1,82.0,0.0,21.2,-3.3,35.6,1
02/05/2024 16,1058,2024-02-05T16:00,1.6,84.0,0.0,18.5,-3.4,33.1,1
02/05/2024 17,1072,2024-02-05T17:00,0.7,90.0,0.0,14.8,-3.8,28.4,0
02/05/2024 18,1019,2024-02-05T18:00,-0.3,92.0,0.0,13.8,-4.7,20.9,0
02/05/2024 19,817,2024-02-05T19:00,-0.4,93.0,0.0,14.4,-4.9,20.2,0
02/05/2024 20,663,2024-02-05T20:00,-0.6,94.0,0.0,13.8,-5.0,20.2,0
02/05/2024 21,443,2024-02-05T21:00,-0.7,94.0,0.0,12.6,-4.9,19.1,2
02/05/2024 22,339,2024-02-05T22:00,-1.0,95.0,0.0,11.6,-5.1,16.6,3
02/05/2024 23,230,2024-02-05T23:00,-1.2,95.0,0.0,11.3,-5.3,14.8,3
02/06/2024 00,170,2024-02-06T00:00,-1.4,95.0,0.0,11.4,-5.5,14.4,3
02/06/2024 01,85,2024-02-06T01:00,-1.3,94.0,0.0,11.5,-5.5,14.8,3
02/06/2024 02,37,2024-02-06T02:00,-1.4,95.0,0.0,10.8,-5.5,14.8,3
02/06/2024 03,45,2024-02-06T03:00,-1.7,97.0,0.0,9.7,-5.6,13.3,3
02/06/2024 04,64,2024-02-06T04:00,-1.5,98.0,0.0,11.8,-5.6,14.0,3
02/06/2024 05,147,2024-02-06T05:00,-2.7,97.0,0.0,10.7,-6.8,16.2,3
02/06/2024 06,328,2024-02-06T06:00,-3.0,96.0,0.0,6.5,-6.6,13.3,3
02/06/2024 07,714,2024-02-06T07:00,-1.0,96.0,0.0,2.7,-3.8,7.2,3
02/06/2024 08,1093,2024-02-06T08:00,-0.9,98.0,0.0,7.4,-4.3,10.4,3
02/06/2024 09,1227,2024-02-06T09:00,-0.4,98.0,0.0,11.4,-4.3,19.1,3
02/06/2024 10,994,2024-02-06T10:00,1.4,91.0,0.0,11.1,-2.4,20.2,2
02/06/2024 11,971,2024-02-06T11:00,3.3,85.0,0.0,9.3,0.0,21.6,0
02/06/2024 12,1039,2024-02-06T12:00,4.8,80.0,0.0,2.4,2.6,19.1,0
02/06/2024 13,1075,2024-02-06T13:00,5.8,78.0,0.0,9.7,2.6,19.1,0
02/06/2024 14,1032,2024-02-06T14:00,6.5,77.0,0.0,9.4,3.4,20.9,1
02/06/2024 15,1073,2024-02-06T15:00,6.6,78.0,0.0,9.2,3.7,18.7,1
02/06/2024 16,1265,2024-02-06T16:00,5.9,83.0,0.0,9.9,2.8,17.3,3
02/06/2024 17,1196,2024-02-06T17:00,4.0,89.0,0.0,9.1,1.0,16.2,2
02/06/2024 18,1059,2024-02-06T18:00,2.1,92.0,0.0,10.0,-1.3,14.4,0
02/06/2024 19,873,2024-02-06T19:00,0.1,95.0,0.0,11.1,-3.7,13.7,3
02/06/2024 20,586,2024-02-06T20:00,-0.2,93.0,0.0,12.0,-4.3,16.6,3
02/06/2024 21,481,2024-02-06T21:00,-0.5,91.0,0.0,13.1,-4.8,18.0,3
02/06/2024 22,343,2024-02-06T22:00,-0.8,90.0,0.0,12.1,-5.0,18.0,3
02/06/2024 23,270,2024-02-06T23:00,-0.9,88.0,0.0,12.7,-5.3,16.9,3
02/07/2024 00,128,2024-02-07T00:00,-0.8,86.0,0.0,12.7,-5.2,17.6,3
02/07/2024 01,44,2024-02-07T01:00,-1.0,85.0,0.0,13.3,-5.5,18.0,3
02/07/2024 02,26,2024-02-07T02:00,-1.3,85.0,0.0,12.7,-5.8,18.0,3
02/07/2024 03,45,2024-02-07T03:00,-1.6,85.0,0.0,10.8,-5.8,16.9,3
02/07/2024 04,76,2024-02-07T04:00,-1.9,85.0,0.0,11.3,-6.3,14.8,3
02/07/2024 05,140,2024-02-07T05:00,-1.7,85.0,0.0,10.1,-5.8,15.1,3
02/07/2024 06,311,2024-02-07T06:00,-2.5,88.0,0.0,7.0,-6.3,13.7,3
02/07/2024 07,680,2024-02-07T07:00,-2.2,88.0,0.0,8.2,-6.0,9.7,3
02/07/2024 08,1072,2024-02-07T08:00,-1.0,85.0,0.0,8.6,-4.9,11.9,3
02/07/2024 09,1085,2024-02-07T09:00,0.7,84.0,0.0,10.8,-3.3,18.0,3
02/07/2024 10,963,2024-02-07T10:00,3.1,78.0,0.0,10.5,-0.6,19.1,3
02/07/2024 11,1014,2024-02-07T11:00,4.7,74.0,0.0,11.3,1.0,19.8,3
02/07/2024 12,1003,2024-02-07T12:00,6.2,70.0,0.0,12.8,2.3,21.6,3
02/07/2024 13,1089,2024-02-07T13:00,6.8,68.0,0.0,14.7,2.7,22.7,3
02/07/2024 14,1042,2024-02-07T14:00,7.2,69.0,0.0,14.6,3.2,25.9,3
02/07/2024 15,1083,2024-02-07T15:00,7.4,70.0,0.0,16.0,3.3,24.8,3
02/07/2024 16,1194,2024-02-07T16:00,7.3,72.0,0.0,15.3,3.3,24.1,3
02/07/2024 17,1246,2024-02-07T17:00,6.1,74.0,0.0,13.7,2.3,22.0,3
02/07/2024 18,1070,2024-02-07T18:00,5.0,75.0,0.0,14.7,0.8,19.4,3
02/07/2024 19,904,2024-02-07T19:00,4.1,74.0,0.0,20.1,-1.0,28.8,3
02/07/2024 20,700,2024-02-07T20:00,3.8,74.0,0.0,18.7,-1.1,28.4,3
02/07/2024 21,506,2024-02-07T21:00,3.6,75.0,0.0,18.4,-1.3,27.0,3
02/07/2024 22,325,2024-02-07T22:00,3.3,76.0,0.0,19.1,-1.7,26.6,3
02/07/2024 23,260,2024-02-07T23:00,3.6,76.0,0.0,21.4,-1.7,29.9,3
02/08/2024 00,145,2024-02-08T00:00,3.6,75.0,0.0,22.3,-1.8,31.0,3
02/08/2024 01,62,2024-02-08T01:00,3.5,74.0,0.0,21.7,-1.9,31.7,3
02/08/2024 02,43,2024-02-08T02:00,3.9,71.0,0.0,22.4,-1.6,31.7,3
02/08/2024 03,34,2024-02-08T03:00,4.4,68.0,0.0,21.6,-1.1,31.7,3
02/08/2024 04,70,2024-02-08T04:00,4.9,67.0,0.0,21.3,-0.5,30.2,3
02/08/2024 05,151,2024-02-08T05:00,4.9,69.0,0.0,20.9,-0.3,29.5,3
02/08/2024 06,315,2024-02-08T06:00,5.0,69.0,0.0,21.3,-0.3,29.5,3
02/08/2024 07,665,2024-02-08T07:00,7.0,63.0,0.0,24.1,1.4,33.8,2
02/08/2024 08,1035,2024-02-08T08:00,7.3,65.0,0.0,24.2,1.8,34.2,2
02/08/2024 09,1041,2024-02-08T09:00,9.1,63.0,0.0,26.9,3.4,40.0,2
02/08/2024 10,953,2024-02-08T10:00,10.2,63.0,0.0,28.8,4.4,41.0,0
02/08/2024 11,1012,2024-02-08T11:00,11.9,59.0,0.0,32.1,5.8,47.2,1
02/08/2024 12,1027,2024-02-08T12:00,13.1,57.0,0.0,31.4,7.2,47.2,3
02/08/2024 13,1048,2024-02-08T13:00,13.4,60.0,0.0,31.9,7.7,48.6,0
02/08/2024 14,1132,2024-02-08T14:00,13.9,61.0,0.0,33.6,8.1,49.3,2
02/08/2024 15,1113,2024-02-08T15:00,13.0,69.0,0.0,30.1,7.9,49.0,2
02/08/2024 16,1241,2024-02-08T16:00,12.8,71.0,0.0,31.5,7.6,46.1,0
02/08/2024 17,1359,2024-02-08T17:00,12.1,74.0,0.0,32.1,6.8,47.9,1
02/08/2024 18,1210,2024-02-08T18:00,11.7,77.0,0.0,32.8,6.3,46.8,3
02/08/2024 19,959,2024-02-08T19:00,11.3,75.0,0.0,33.4,5.7,48.6,3
02/08/2024 20,769,2024-02-08T20:00,10.7,79.0,0.0,24.5,6.4,47.5,2
02/08/2024 21,703,2024-02-08T21:00,10.4,78.0,0.0,30.5,5.1,43.9,0
02/08/2024 22,603,2024-02-08T22:00,10.1,77.0,0.0,29.2,4.9,45.4,0
02/08/2024 23,397,2024-02-08T23:00,10.3,80.0,0.0,33.6,4.6,47.9,0
02/09/2024 00,192,2024-02-09T00:00,9.8,83.0,0.0,31.1,4.5,48.2,0
02/09/2024 01,78,2024-02-09T01:00,8.6,83.0,0.0,24.5,3.9,44.3,0
02/09/2024 02,62,2024-02-09T02:00,6.8,76.0,0.0,21.4,2.1,34.2,0
02/09/2024 03,65,2024-02-09T03:00,5.4,77.0,0.0,18.9,0.7,29.9,0
02/09/2024 04,87,2024-02-09T04:00,4.4,80.0,0.0,17.7,-0.2,25.9,0
02/09/2024 05,147,2024-02-09T05:00,3.8,82.0,0.0,18.0,-0.8,24.5,0
02/09/2024 06,263,2024-02-09T06:00,3.5,83.0,0.0,19.3,-1.3,26.6,0
02/09/2024 07,509,2024-02-09T07:00,3.8,76.0,0.0,18.8,-1.1,26.3,0
02/09/2024 08,728,2024-02-09T08:00,4.9,74.0,0.0,19.4,0.1,27.0,0
02/09/2024 09,860,2024-02-09T09:00,7.1,71.0,0.0,19.7,2.5,29.9,0
02/09/2024 10,789,2024-02-09T10:00,8.9,67.0,0.0,23.2,3.9,34.6,0
02/09/2024 11,839,2024-02-09T11:00,10.4,61.0,0.0,25.9,5.0,39.6,0
02/09/2024 12,906,2024-02-09T12:00,11.5,58.0,0.0,26.2,6.1,40.0,1
02/09/2024 13,1010,2024-02-09T13:00,12.3,56.0,0.0,27.6,6.8,42.1,3
02/09/2024 14,1070,2024-02-09T14:00,12.5,56.0,0.0,26.1,7.2,42.1,3
02/09/2024 15,991,2024-02-09T15:00,12.1,60.0,0.0,23.0,7.4,39.2,3
02/09/2024 16,1020,2024-02-09T16:00,11.4,64.0,0.0,21.2,7.0,33.1,2
02/09/2024 17,1110,2024-02-09T17:00,9.9,68.0,0.0,20.5,5.5,30.2,0
02/09/2024 18,1095,2024-02-09T18:00,8.1,75.0,0.0,17.8,4.1,28.4,0
02/09/2024 19,954,2024-02-09T19:00,6.2,77.0,0.0,13.8,2.5,18.4,0
02/09/2024 20,647,2024-02-09T20:00,5.1,73.0,0.0,16.6,0.7,22.7,0
02/09/2024 21,572,2024-02-09T21:00,3.9,75.0,0.0,17.5,-0.8,24.1,0
02/09/2024 22,492,2024-02-09T22:00,2.9,77.0,0.0,15.1,-1.6,24.1,0
02/09/2024 23,435,2024-02-09T23:00,1.6,82.0,0.0,11.3,-2.3,20.5,0
02/10/2024 00,263,2024-02-10T00:00,0.4,85.0,0.0,9.1,-3.3,14.4,0
02/10/2024 01,215,2024-02-10T01:00,-0.4,85.0,0.0,9.4,-4.2,11.9,0
02/10/2024 02,127,2024-02-10T02:00,-0.9,85.0,0.0,9.8,-4.9,12.2,0
02/10/2024 03,101,2024-02-10T03:00,-1.5,85.0,0.0,9.4,-5.5,12.2,0
02/10/2024 04,86,2024-02-10T04:00,-1.8,85.0,0.0,10.9,-6.1,14.4,0
02/10/2024 05,104,2024-02-10T05:00,-2.2,85.0,0.0,11.9,-6.7,15.8,0
02/10/2024 06,127,2024-02-10T06:00,-2.6,84.0,0.0,13.4,-7.4,18.0,0
02/10/2024 07,179,2024-02-10T07:00,-1.8,85.0,0.0,14.9,-6.6,20.9,0
02/10/2024 08,246,2024-02-10T08:00,-1.1,82.0,0.0,13.4,-5.7,21.6,0
02/10/2024 09,423,2024-02-10T09:00,0.2,74.0,0.0,16.9,-4.9,26.3,0
02/10/2024 10,488,2024-02-10T10:00,1.1,70.0,0.0,19.5,-4.4,31.7,3
02/10/2024 11,594,2024-02-10T11:00,1.9,67.0,0.0,18.2,-3.4,31.3,3
02/10/2024 12,585,2024-02-10T12:00,3.1,63.0,0.0,16.1,-1.8,30.2,2
02/10/2024 13,626,2024-02-10T13:00,4.1,60.0,0.0,12.6,-0.3,27.7,0
02/10/2024 14,669,2024-02-10T14:00,5.0,55.0,0.0,13.0,0.5,23.4,1
02/10/2024 15,648,2024-02-10T15:00,5.0,55.0,0.0,14.5,0.3,23.8,3
02/10/2024 16,700,2024-02-10T16:00,4.5,56.0,0.0,17.6,-0.7,26.3,3
02/10/2024 17,748,2024-02-10T17:00,3.2,62.0,0.0,15.4,-1.7,25.9,3
02/10/2024 18,771,2024-02-10T18:00,1.7,68.0,0.0,12.7,-2.8,21.6,3
02/10/2024 19,666,2024-02-10T19:00,1.5,73.0,0.0,0.8,-1.2,3.2,3
02/10/2024 20,542,2024-02-10T20:00,0.5,76.0,0.0,3.8,-2.6,4.0,0
02/10/2024 21,425,2024-02-10T21:00,-2.0,84.0,0.0,7.4,-5.8,7.9,1
02/10/2024 22,415,2024-02-10T22:00,-1.9,83.0,0.0,10.6,-6.2,13.7,3
02/10/2024 23,351,2024-02-10T23:00,-2.3,86.0,0.0,9.3,-6.4,13.3,3
02/11/2024 00,271,2024-02-11T00:00,-1.9,87.0,0.0,10.7,-6.1,13.3,3
02/11/2024 01,194,2024-02-11T01:00,-1.6,85.0,0.0,12.7,-6.1,16.9,3
02/11/2024 02,136,2024-02-11T02:00,-2.0,87.0,0.0,11.5,-6.3,16.9,2
02/11/2024 03,111,2024-02-11T03:00,-1.8,87.0,0.0,13.0,-6.4,17.3,2
02/11/2024 04,81,2024-02-11T04:00,-2.4,88.0,0.0,11.7,-6.8,17.6,0
02/11/2024 05,71,2024-02-11T05:00,-2.6,87.0,0.0,13.4,-7.3,18.0,2
02/11/2024 06,133,2024-02-11T06:00,-2.9,84.0,0.0,12.9,-7.6,18.4,3
02/11/2024 07,189,2024-02-11T07:00,-2.7,84.0,0.0,12.2,-7.3,17.3,3
02/11/2024 08,263,2024-02-11T08:00,-1.8,80.0,0.0,9.3,-5.9,16.6,3
02/11/2024 09,381,2024-02-11T09:00,-0.7,73.0,0.0,9.8,-4.9,16.9,3
02/11/2024 10,441,2024-02-11T10:00,0.2,70.0,0.0,8.1,-3.8,18.4,3
02/11/2024 11,519,2024-02-11T11:00,1.0,67.0,0.0,6.0,-2.6,16.9,3
02/11/2024 12,568,2024-02-11T12:00,2.0,62.0,0.0,5.2,-1.5,15.1,3
02/11/2024 13,595,2024-02-11T13:00,2.9,60.0,0.0,5.6,-0.7,15.8,1
02/11/2024 14,641,2024-02-11T14:00,3.2,61.0,0.0,4.5,-0.1,15.5,0
02/11/2024 15,630,2024-02-11T15:00,3.1,68.0,0.0,4.6,-0.1,13.7,0
02/11/2024 16,739,2024-02-11T16:00,2.4,76.0,0.0,6.8,-1.0,14.0,0
02/11/2024 17,788,2024-02-11T17:00,1.1,84.0,0.0,7.2,-2.3,13.7,3
02/11/2024 18,609,2024-02-11T18:00,-0.4,91.0,0.0,7.1,-3.8,10.1,1
02/11/2024 19,640,2024-02-11T19:00,-0.9,82.0,0.0,3.1,-4.0,10.4,0
02/11/2024 20,518,2024-02-11T20:00,-1.0,82.0,0.0,3.3,-4.1,3.6,0
02/11/2024 21,392,2024-02-11T21:00,-2.9,91.0,0.0,5.4,-6.4,7.2,0
02/11/2024 22,512,2024-02-11T22:00,-3.6,94.0,0.0,5.4,-7.2,6.8,0
02/11/2024 23,290,2024-02-11T23:00,-4.0,96.0,0.0,7.8,-7.9,9.7,0
02/12/2024 00,140,2024-02-12T00:00,-4.2,95.0,0.0,7.6,-8.1,10.4,0
02/12/2024 01,76,2024-02-12T01:00,-4.5,94.0,0.0,7.9,-8.5,10.1,0
02/12/2024 02,38,2024-02-12T02:00,-4.7,92.0,0.0,8.1,-8.8,10.4,0
02/12/2024 03,57,2024-02-12T03:00,-4.9,91.0,0.0,8.7,-9.1,10.8,0
02/12/2024 04,86,2024-02-12T04:00,-5.2,90.0,0.0,8.1,-9.4,10.8,0
02/12/2024 05,174,2024-02-12T05:00,-5.7,90.0,0.0,6.9,-9.7,10.1,0
02/12/2024 06,322,2024-02-12T06:00,-6.1,91.0,0.0,7.1,-10.2,9.0,0
02/12/2024 07,596,2024-02-12T07:00,-5.9,91.0,0.0,8.7,-10.2,12.2,0
02/12/2024 08,938,2024-02-12T08:00,-3.6,85.0,0.0,6.9,-7.5,11.2,0
02/12/2024 09,1049,2024-02-12T09:00,-0.6,72.0,0.0,9.1,-4.8,16.6,0
02/12/2024 10,910,2024-02-12T10:00,2.0,63.0,0.0,9.0,-2.1,18.4,0
02/12/2024 11,912,2024-02-12T11:00,3.2,56.0,0.0,5.6,-0.4,17.6,0
02/12/2024 12,895,2024-02-12T12:00,4.4,52.0,0.0,8.9,0.4,19.8,0
02/12/2024 13,978,2024-02-12T13:00,5.1,48.0,0.0,5.8,1.7,19.1,0
02/12/2024 14,980,2024-02-12T14:00,5.6,45.0,0.0,5.5,1.9,15.5,0
02/12/2024 15,995,2024-02-12T15:00,5.7,44.0,0.0,4.7,2.2,14.4,0
02/12/2024 16,987,2024-02-12T16:00,5.6,46.0,0.0,7.0,1.8,12.2,1
02/12/2024 17,1027,2024-02-12T17:00,3.5,65.0,0.0,9.1,-0.3,12.2,3
02/12/2024 18,898,2024-02-12T18:00,1.4,70.0,0.0,12.0,-3.0,15.1,2
02/12/2024 19,826,2024-02-12T19:00,1.4,74.0,0.0,10.9,-2.8,13.7,0
02/12/2024 20,643,2024-02-12T20:00,-0.1,78.0,0.0,10.6,-4.2,13.7,0
02/12/2024 21,484,2024-02-12T21:00,-1.1,82.0,0.0,10.2,-5.2,13.3,0
02/12/2024 22,359,2024-02-12T22:00,-1.4,82.0,0.0,11.0,-5.7,14.0,0
02/12/2024 23,293,2024-02-12T23:00,-1.5,82.0,0.0,11.6,-5.9,15.1,0
02/13/2024 00,186,2024-02-13T00:00,-1.8,83.0,0.0,11.4,-6.2,15.1,0
02/13/2024 01,89,2024-02-13T01:00,-1.7,82.0,0.0,13.0,-6.3,16.9,0
02/13/2024 02,37,2024-02-13T02:00,-1.2,80.0,0.0,16.8,-6.4,23.0,0
02/13/2024 03,37,2024-02-13T03:00,-1.4,82.0,0.0,17.9,-6.7,24.8,0
02/13/2024 04,59,2024-02-13T04:00,-1.7,81.0,0.0,17.7,-7.1,25.6,0
02/13/2024 05,138,2024-02-13T05:00,-2.2,80.0,0.0,17.4,-7.6,24.8,0
02/13/2024 06,296,2024-02-13T06:00,-2.8,79.0,0.0,16.3,-8.1,24.5,0
02/13/2024 07,702,2024-02-13T07:00,-2.7,77.0,0.0,15.0,-7.9,21.6,0
02/13/2024 08,1096,2024-02-13T08:00,-1.8,74.0,0.0,12.7,-6.5,21.2,0
02/13/2024 09,1117,2024-02-13T09:00,-0.2,68.0,0.0,13.5,-5.0,22.3,0
02/13/2024 10,932,2024-02-13T10:00,1.2,61.0,0.0,13.8,-3.6,24.1,0
02/13/2024 11,960,2024-02-13T11:00,2.3,54.0,0.0,12.3,-2.4,24.1,2
02/13/2024 12,985,2024-02-13T12:00,3.1,51.0,0.0,11.0,-1.3,23.0,2
02/13/2024 13,1058,2024-02-13T13:00,3.9,47.0,0.0,11.2,-0.7,22.0,2
02/13/2024 14,1033,2024-02-13T14:00,3.6,50.0,0.0,9.7,-0.7,21.6,2
02/13/2024 15,1073,2024-02-13T15:00,2.5,64.0,0.0,13.3,-2.1,23.0,2
02/13/2024 16,1191,2024-02-13T16:00,1.3,68.0,0.0,14.3,-3.4,24.5,1
02/13/2024 17,1248,2024-02-13T17:00,0.3,74.0,0.0,9.6,-3.7,23.0,1
02/13/2024 18,1207,2024-02-13T18:00,-1.3,83.0,0.0,6.6,-4.9,13.7,0
02/13/2024 19,968,2024-02-13T19:00,-1.2,79.0,0.0,5.1,-4.6,10.4,1
02/13/2024 20,683,2024-02-13T20:00,-0.7,77.0,0.0,3.9,-4.0,5.8,0
02/13/2024 21,512,2024-02-13T21:00,-1.0,81.0,0.0,3.1,-4.2,4.7,1
02/13/2024 22,427,2024-02-13T22:00,-2.0,88.0,0.0,4.6,-5.4,5.4,3
02/13/2024 23,286,2024-02-13T23:00,-3.0,92.0,0.0,7.7,-6.8,9.0,3
02/14/2024 00,140,2024-02-14T00:00,-2.7,88.0,0.0,7.2,-6.5,9.4,1
02/14/2024 01,54,2024-02-14T01:00,-2.6,84.0,0.0,7.1,-6.4,9.0,1
02/14/2024 02,31,2024-02-14T02:00,-2.9,83.0,0.0,8.4,-6.9,9.7,0
02/14/2024 03,45,2024-02-14T03:00,-3.2,82.0,0.0,8.2,-7.3,10.4,0
02/14/2024 04,76,2024-02-14T04:00,-3.2,84.0,0.0,6.6,-7.0,10.1,0
02/14/2024 05,148,2024-02-14T05:00,-4.3,90.0,0.0,7.3,-8.3,9.0,0
02/14/2024 06,348,2024-02-14T06:00,-4.8,91.0,0.0,9.1,-9.0,11.2,0
02/14/2024 07,712,2024-02-14T07:00,-4.6,90.0,0.0,10.2,-9.0,12.6,0
02/14/2024 08,1138,2024-02-14T08:00,-2.3,82.0,0.0,8.0,-6.3,13.3,0
02/14/2024 09,1189,2024-02-14T09:00,0.0,71.0,0.0,8.6,-4.0,16.2,0
02/14/2024 10,1030,2024-02-14T10:00,2.1,62.0,0.0,10.9,-2.3,20.2,0
02/14/2024 11,1095,2024-02-14T11:00,3.3,58.0,0.0,12.6,-1.2,22.7,0
02/14/2024 12,1215,2024-02-14T12:00,4.4,56.0,0.0,13.0,0.1,24.5,1
02/14/2024 13,1167,2024-02-14T13:00,5.1,55.0,0.0,12.2,0.9,24.1,3
02/14/2024 14,1145,2024-02-14T14:00,5.5,54.0,0.0,12.2,1.1,23.0,3
02/14/2024 15,1235,2024-02-14T15:00,5.5,55.0,0.0,12.5,1.1,22.7,3
02/14/2024 16,1354,2024-02-14T16:00,4.9,63.0,0.0,11.2,0.9,21.6,3
02/14/2024 17,1339,2024-02-14T17:00,3.0,73.0,0.0,12.8,-1.2,18.0,3
02/14/2024 18,1249,2024-02-14T18:00,1.8,76.0,0.0,13.8,-2.6,19.1,3
02/14/2024 19,1089,2024-02-14T19:00,2.6,72.0,0.0,15.1,-2.1,22.0,3
02/14/2024 20,794,2024-02-14T20:00,2.2,69.0,0.0,16.8,-2.8,23.0,3
02/14/2024 21,534,2024-02-14T21:00,2.0,66.0,0.0,19.2,-3.5,26.3,3
02/14/2024 22,426,2024-02-14T22:00,1.8,66.0,0.0,21.6,-4.1,30.2,3
02/14/2024 23,279,2024-02-14T23:00,1.6,65.0,0.0,20.3,-4.1,31.3,3
02/15/2024 00,122,2024-02-15T00:00,1.4,66.0,0.0,16.3,-3.7,28.4,3
02/15/2024 01,85,2024-02-15T01:00,1.5,65.0,0.0,21.6,-4.3,30.2,3
02/15/2024 02,36,2024-02-15T02:00,1.5,71.0,0.1,20.7,-4.1,30.6,51
02/15/2024 03,37,2024-02-15T03:00,2.3,71.0,3.4,23.1,-3.5,35.3,75
02/15/2024 04,76,2024-02-15T04:00,1.4,83.0,1.3,6.4,-1.9,33.1,73
02/15/2024 05,162,2024-02-15T05:00,2.2,84.0,1.2,16.0,-2.3,21.2,73
02/15/2024 06,378,2024-02-15T06:00,3.7,87.0,0.4,22.4,-1.5,30.6,51
02/15/2024 07,735,2024-02-15T07:00,5.0,88.0,0.1,29.0,-0.8,41.4,51
02/15/2024 08,1166,2024-02-15T08:00,4.0,85.0,0.0,29.1,-2.2,45.0,0
02/15/2024 09,1104,2024-02-15T09:00,3.8,80.0,0.0,29.9,-2.6,44.3,2
02/15/2024 10,1001,2024-02-15T10:00,4.0,78.0,0.0,32.9,-2.9,50.8,3
02/15/2024 11,1062,2024-02-15T11:00,4.8,69.0,0.0,31.5,-2.0,49.3,2
02/15/2024 12,1092,2024-02-15T12:00,5.0,64.0,0.0,28.3,-1.4,47.9,0
02/15/2024 13,1109,2024-02-15T13:00,5.3,53.0,0.0,27.0,-1.0,43.9,0
02/15/2024 14,1104,2024-02-15T14:00,5.4,43.0,0.0,27.9,-1.6,43.2,0
02/15/2024 15,1093,2024-02-15T15:00,5.0,38.0,0.0,27.1,-2.1,43.2,0
02/15/2024 16,1188,2024-02-15T16:00,4.3,37.0,0.0,24.2,-2.5,40.7,0
02/15/2024 17,1312,2024-02-15T17:00,2.8,42.0,0.0,19.3,-3.2,34.6,0
02/15/2024 18,1303,2024-02-15T18:00,0.9,46.0,0.0,17.3,-4.8,26.6,0
02/15/2024 19,1145,2024-02-15T19:00,-0.4,57.0,0.0,13.5,-5.4,18.0,0
02/15/2024 20,855,2024-02-15T20:00,-1.2,59.0,0.0,14.5,-6.4,19.4,3
02/15/2024 21,670,2024-02-15T21:00,-1.4,58.0,0.0,15.3,-6.8,20.9,3
02/15/2024 22,567,2024-02-15T22:00,-1.8,58.0,0.0,16.4,-7.4,23.0,3
02/15/2024 23,389,2024-02-15T23:00,-1.8,57.0,0.0,17.0,-7.5,23.8,3
02/16/2024 00,198,2024-02-16T00:00,-1.9,58.0,0.0,18.2,-7.8,25.2,3
02/16/2024 01,92,2024-02-16T01:00,-2.4,62.0,0.0,18.9,-8.3,26.3,3
02/16/2024 02,61,2024-02-16T02:00,-2.8,62.0,0.0,17.8,-8.6,27.4,3
02/16/2024 03,51,2024-02-16T03:00,-2.9,62.0,0.0,16.6,-8.5,25.2,3
02/16/2024 04,76,2024-02-16T04:00,-2.9,61.0,0.0,15.6,-8.4,23.4,3
02/16/2024 05,137,2024-02-16T05:00,-3.1,61.0,0.0,13.7,-8.3,22.0,3
02/16/2024 06,281,2024-02-16T06:00,-3.4,64.0,0.0,12.8,-8.4,19.4,3
02/16/2024 07,505,2024-02-16T07:00,-3.0,66.0,0.0,13.6,-8.2,19.8,3
02/16/2024 08,792,2024-02-16T08:00,-3.0,63.0,0.1,13.0,-8.1,20.2,71
02/16/2024 09,945,2024-02-16T09:00,-3.1,63.0,0.1,12.2,-8.1,20.2,71
02/16/2024 10,927,2024-02-16T10:00,-2.8,60.0,0.1,11.0,-7.6,19.8,71
02/16/2024 11,937,2024-02-16T11:00,-2.5,60.0,0.1,9.7,-7.1,19.4,71
02/16/2024 12,1010,2024-02-16T12:00,-2.2,61.0,0.1,10.2,-6.9,19.4,71
02/16/2024 13,1051,2024-02-16T13:00,-1.9,62.0,0.1,11.1,-6.7,20.5,71
02/16/2024 14,1095,2024-02-16T14:00,-1.8,61.0,0.1,10.9,-6.6,20.5,71
02/16/2024 15,1099,2024-02-16T15:00,-1.5,58.0,0.1,11.3,-6.3,19.4,71
02/16/2024 16,1105,2024-02-16T16:00,-1.2,52.0,0.0,12.3,-6.3,19.4,3
02/16/2024 17,1114,2024-02-16T17:00,-1.5,54.0,0.0,13.0,-6.6,22.7,3
02/16/2024 18,1109,2024-02-16T18:00,-2.6,63.0,0.0,11.6,-7.5,18.4,3
02/16/2024 19,959,2024-02-16T19:00,-2.2,61.0,0.0,15.1,-7.6,20.9,3
02/16/2024 20,766,2024-02-16T20:00,-2.4,62.0,0.0,15.3,-7.8,20.9,3
02/16/2024 21,551,2024-02-16T21:00,-2.5,60.0,0.0,18.2,-8.3,24.8,3
02/16/2024 22,484,2024-02-16T22:00,-2.7,55.0,0.0,21.4,-9.1,29.5,3
02/16/2024 23,421,2024-02-16T23:00,-5.0,49.0,0.0,33.0,-13.4,48.2,3
02/17/2024 00,274,2024-02-17T00:00,-7.7,47.0,0.0,31.4,-16.0,48.2,0
02/17/2024 01,192,2024-02-17T01:00,-9.2,51.0,0.0,28.9,-17.2,45.7,0
02/17/2024 02,153,2024-02-17T02:00,-9.9,49.0,0.0,26.7,-17.5,41.8,0
02/17/2024 03,110,2024-02-17T03:00,-10.2,47.0,0.0,24.2,-17.5,38.5,0
02/17/2024 04,87,2024-02-17T04:00,-10.4,45.0,0.0,22.2,-17.5,34.9,0
02/17/2024 05,114,2024-02-17T05:00,-10.6,44.0,0.0,21.5,-17.6,32.0,0
02/17/2024 06,133,2024-02-17T06:00,-10.7,44.0,0.0,21.4,-17.7,30.6,0
02/17/2024 07,214,2024-02-17T07:00,-10.8,48.0,0.0,20.0,-17.6,29.5,0
02/17/2024 08,296,2024-02-17T08:00,-9.9,41.0,0.0,21.1,-16.9,32.0,0
02/17/2024 09,505,2024-02-17T09:00,-8.8,36.0,0.0,20.8,-15.7,33.5,0
02/17/2024 10,608,2024-02-17T10:00,-7.3,32.0,0.0,21.0,-14.3,35.3,0
02/17/2024 11,703,2024-02-17T11:00,-5.8,35.0,0.0,22.0,-12.7,36.7,0
02/17/2024 12,830,2024-02-17T12:00,-4.4,37.0,0.0,22.5,-11.1,37.1,0
02/17/2024 13,858,2024-02-17T13:00,-3.4,37.0,0.0,24.8,-10.3,40.0,0
02/17/2024 14,841,2024-02-17T14:00,-2.6,36.0,0.0,28.0,-10.2,43.2,0
02/17/2024 15,732,2024-02-17T15:00,-2.3,35.0,0.0,30.9,-10.4,46.8,0
02/17/2024 16,775,2024-02-17T16:00,-2.4,36.0,0.0,32.4,-10.7,47.9,0
02/17/2024 17,820,2024-02-17T17:00,-3.0,38.0,0.0,30.8,-11.1,47.5,1
02/17/2024 18,863,2024-02-17T18:00,-3.8,39.0,0.0,30.8,-12.0,43.9,1
02/17/2024 19,833,2024-02-17T19:00,-5.8,47.0,0.0,33.7,-14.3,49.0,0
02/17/2024 20,622,2024-02-17T20:00,-5.9,48.0,0.0,35.1,-14.6,51.1,0
02/17/2024 21,545,2024-02-17T21:00,-5.8,48.0,0.0,35.7,-14.6,52.2,0
02/17/2024 22,458,2024-02-17T22:00,-5.7,48.0,0.0,35.6,-14.5,52.2,0
02/17/2024 23,348,2024-02-17T23:00,-5.3,48.0,0.0,34.9,-14.0,52.2,0
02/18/2024 00,337,2024-02-18T00:00,-5.0,48.0,0.0,32.2,-13.2,50.8,0
02/18/2024 01,196,2024-02-18T01:00,-4.7,47.0,0.0,29.9,-12.6,47.2,0
02/18/2024 02,169,2024-02-18T02:00,-4.4,46.0,0.0,29.6,-12.3,43.9,0
02/18/2024 03,136,2024-02-18T03:00,-4.2,46.0,0.0,29.0,-12.0,42.8,0
02/18/2024 04,107,2024-02-18T04:00,-4.0,45.0,0.0,28.0,-11.7,41.8,0
02/18/2024 05,97,2024-02-18T05:00,-3.8,45.0,0.0,27.1,-11.3,40.3,0
02/18/2024 06,161,2024-02-18T06:00,-3.5,45.0,0.0,26.7,-10.9,39.2,0
02/18/2024 07,189,2024-02-18T07:00,-4.3,58.0,0.0,23.7,-11.1,34.9,0
02/18/2024 08,279,2024-02-18T08:00,-2.7,54.0,0.0,21.5,-9.2,34.2,0
02/18/2024 09,419,2024-02-18T09:00,-0.7,48.0,0.0,25.1,-7.7,38.2,0
02/18/2024 10,558,2024-02-18T10:00,1.2,48.0,0.0,26.6,-5.8,41.0,0
02/18/2024 11,622,2024-02-18T11:00,3.0,47.0,0.0,27.0,-4.0,42.5,0
02/18/2024 12,698,2024-02-18T12:00,4.4,44.0,0.0,25.7,-2.0,41.8,0
02/18/2024 13,699,2024-02-18T13:00,5.4,40.0,0.0,23.2,-0.6,40.0,0
02/18/2024 14,702,2024-02-18T14:00,6.0,38.0,0.0,22.6,-0.2,37.1,0
02/18/2024 15,686,2024-02-18T15:00,6.2,36.0,0.0,21.1,0.0,35.3,0
02/18/2024 16,741,2024-02-18T16:00,5.7,40.0,0.0,17.9,0.1,32.4,0
02/18/2024 17,695,2024-02-18T17:00,3.5,48.0,0.0,14.5,-1.6,25.6,0
02/18/2024 18,719,2024-02-18T18:00,0.3,56.0,0.0,13.3,-4.7,19.1,0
02/18/2024 19,639,2024-02-18T19:00,-1.3,62.0,0.0,13.0,-6.3,16.2,0
02/18/2024 20,492,2024-02-18T20:00,-2.2,63.0,0.0,12.6,-7.1,16.9,0
02/18/2024 21,374,2024-02-18T21:00,-3.1,66.0,0.0,11.5,-7.9,16.2,0
02/18/2024 22,304,2024-02-18T22:00,-3.8,67.0,0.0,10.5,-8.5,14.8,0
02/18/2024 23,270,2024-02-18T23:00,-4.4,68.0,0.0,10.0,-9.1,13.3,0
02/19/2024 00,191,2024-02-19T00:00,-5.3,71.0,0.0,8.2,-9.7,12.6,0
02/19/2024 01,120,2024-02-19T01:00,-6.0,72.0,0.0,8.1,-10.4,10.1,0
02/19/2024 02,51,2024-02-19T02:00,-6.5,79.0,0.0,8.8,-11.0,11.2,0
02/19/2024 03,53,2024-02-19T03:00,-6.8,81.0,0.0,8.7,-11.3,11.2,0
02/19/2024 04,63,2024-02-19T04:00,-7.1,83.0,0.0,8.0,-11.5,10.8,0
02/19/2024 05,112,2024-02-19T05:00,-7.2,84.0,0.0,7.1,-11.5,9.7,3
02/19/2024 06,239,2024-02-19T06:00,-6.4,83.0,0.0,5.2,-10.4,8.6,3
02/19/2024 07,412,2024-02-19T07:00,-6.8,87.0,0.0,6.5,-10.9,7.6,3
02/19/2024 08,607,2024-02-19T08:00,-3.9,76.0,0.0,6.8,-7.9,11.2,3
02/19/2024 09,745,2024-02-19T09:00,-1.4,65.0,0.0,6.5,-5.4,14.0,3
02/19/2024 10,800,2024-02-19T10:00,1.3,61.0,0.0,7.9,-2.7,16.6,3
02/19/2024 11,853,2024-02-19T11:00,4.1,54.0,0.0,7.9,0.2,17.3,3
02/19/2024 12,816,2024-02-19T12:00,6.2,45.0,0.0,7.8,2.6,17.6,3
02/19/2024 13,951,2024-02-19T13:00,7.3,37.0,0.0,6.3,3.8,17.3,3
02/19/2024 14,1027,2024-02-19T14:00,7.7,37.0,0.0,6.5,3.8,15.5,3
02/19/2024 15,912,2024-02-19T15:00,7.5,44.0,0.0,8.1,3.6,15.8,3
02/19/2024 16,870,2024-02-19T16:00,6.8,54.0,0.0,8.2,3.2,15.8,3
02/19/2024 17,874,2024-02-19T17:00,4.7,68.0,0.0,8.7,1.1,13.3,3
02/19/2024 18,902,2024-02-19T18:00,2.1,64.0,0.0,12.0,-2.4,14.0,0
02/19/2024 19,802,2024-02-19T19:00,1.9,72.0,0.0,15.5,-2.8,20.9,0
02/19/2024 20,668,2024-02-19T20:00,0.8,74.0,0.0,14.8,-3.9,21.6,0
02/19/2024 21,420,2024-02-19T21:00,-0.1,75.0,0.0,14.3,-4.9,20.2,0
02/19/2024 22,355,2024-02-19T22:00,-0.8,77.0,0.0,13.2,-5.5,18.7,0
02/19/2024 23,304,2024-02-19T23:00,-1.4,78.0,0.0,13.0,-6.1,17.6,0
02/20/2024 00,198,2024-02-20T00:00,-2.0,79.0,0.0,12.6,-6.7,16.9,0
02/20/2024 01,63,2024-02-20T01:00,-2.4,80.0,0.0,12.6,-7.1,16.6,0
02/20/2024 02,41,2024-02-20T02:00,-2.9,81.0,0.0,11.5,-7.4,16.6,0
02/20/2024 03,57,2024-02-20T03:00,-3.2,81.0,0.0,11.3,-7.7,15.1,0
02/20/2024 04,62,2024-02-20T04:00,-3.2,82.0,0.0,12.5,-7.9,15.8,0
02/20/2024 05,160,2024-02-20T05:00,-3.4,83.0,0.0,12.0,-8.1,16.6,0
02/20/2024 06,306,2024-02-20T06:00,-3.9,82.0,0.0,11.2,-8.5,15.5,0
02/20/2024 07,749,2024-02-20T07:00,-3.1,83.0,0.0,11.3,-7.6,14.8,0
02/20/2024 08,1134,2024-02-20T08:00,-0.5,71.0,0.0,10.7,-4.9,16.9,0
02/20/2024 09,1210,2024-02-20T09:00,2.2,67.0,0.0,12.8,-2.3,20.5,0
02/20/2024 10,989,2024-02-20T10:00,5.2,63.0,0.0,15.2,0.6,25.2,0
02/20/2024 11,1081,2024-02-20T11:00,7.7,59.0,0.0,16.6,3.2,27.7,1
02/20/2024 12,1025,2024-02-20T12:00,9.6,54.0,0.0,17.7,5.3,29.5,3
02/20/2024 13,1026,2024-02-20T13:00,11.0,49.0,0.0,20.2,6.2,32.0,3
02/20/2024 14,1095,2024-02-20T14:00,11.9,43.0,0.0,21.8,6.5,33.8,1
02/20/2024 15,1108,2024-02-20T15:00,12.1,40.0,0.0,23.9,6.3,35.3,0
02/20/2024 16,1195,2024-02-20T16:00,11.4,43.0,0.0,22.0,6.0,35.3,0
02/20/2024 17,1184,2024-02-20T17:00,9.3,50.0,0.0,20.5,4.1,31.0,0
02/20/2024 18,1051,2024-02-20T18:00,6.9,56.0,0.0,20.6,1.5,28.1,0
02/20/2024 19,859,2024-02-20T19:00,6.4,62.0,0.0,21.3,1.1,29.2,1
02/20/2024 20,702,2024-02-20T20:00,5.9,63.0,0.0,22.5,0.4,31.3,0
02/20/2024 21,499,2024-02-20T21:00,5.5,63.0,0.0,23.2,-0.2,32.4,0
02/20/2024 22,386,2024-02-20T22:00,5.0,63.0,0.0,22.7,-0.6,32.4,0
02/20/2024 23,272,2024-02-20T23:00,4.3,65.0,0.0,20.6,-1.1,31.3,3
02/21/2024 00,165,2024-02-21T00:00,3.7,67.0,0.0,18.5,-1.5,28.4,3
02/21/2024 01,64,2024-02-21T01:00,3.7,65.0,0.0,18.6,-1.5,25.6,3
02/21/2024 02,36,2024-02-21T02:00,4.0,65.0,0.1,19.1,-1.2,26.3,51
02/21/2024 03,39,2024-02-21T03:00,4.0,66.0,0.0,16.1,-0.7,26.6,2
02/21/2024 04,73,2024-02-21T04:00,3.4,68.0,0.0,16.7,-1.5,22.7,1
02/21/2024 05,183,2024-02-21T05:00,2.8,70.0,0.0,18.1,-2.3,24.8,2
02/21/2024 06,343,2024-02-21T06:00,3.3,70.0,0.0,17.8,-1.7,25.2,3
02/21/2024 07,779,2024-02-21T07:00,4.6,67.0,0.0,20.9,-0.8,29.2,3
02/21/2024 08,1157,2024-02-21T08:00,5.9,67.0,0.0,22.3,0.5,31.3,3
02/21/2024 09,1127,2024-02-21T09:00,7.9,68.0,0.0,22.6,2.9,32.0,3
02/21/2024 10,1101,2024-02-21T10:00,10.0,64.0,0.0,25.2,4.7,37.8,2
02/21/2024 11,1165,2024-02-21T11:00,12.1,60.0,0.0,25.8,7.0,39.6,1
02/21/2024 12,1197,2024-02-21T12:00,13.7,57.0,0.0,26.8,8.8,41.4,3
02/21/2024 13,1202,2024-02-21T13:00,14.6,55.0,0.0,26.3,9.6,41.0,3
02/21/2024 14,1216,2024-02-21T14:00,14.9,54.0,0.0,25.0,10.1,40.0,3
02/21/2024 15,1256,2024-02-21T15:00,14.9,55.0,0.0,22.2,10.6,36.7,3
02/21/2024 16,1463,2024-02-21T16:00,14.0,59.0,0.0,17.9,10.4,32.4,3
02/21/2024 17,1423,2024-02-21T17:00,12.4,64.0,0.0,15.5,9.1,25.2,3
02/21/2024 18,1308,2024-02-21T18:00,10.0,72.0,0.0,12.8,7.0,20.9,3
02/21/2024 19,1116,2024-02-21T19:00,9.0,78.0,0.0,9.8,6.4,13.3,3
02/21/2024 20,852,2024-02-21T20:00,8.9,79.0,0.0,9.4,6.4,11.9,3
02/21/2024 21,680,2024-02-21T21:00,8.5,83.0,0.0,5.6,6.6,11.5,3
02/21/2024 22,452,2024-02-21T22:00,8.3,81.0,0.0,11.0,5.5,13.0,3
02/21/2024 23,299,2024-02-21T23:00,7.5,83.0,0.0,11.0,4.6,15.5,3
02/22/2024 00,187,2024-02-22T00:00,5.6,88.0,0.0,12.3,2.3,15.8,3
02/22/2024 01,72,2024-02-22T01:00,5.4,90.0,0.0,8.4,2.7,16.6,3
02/22/2024 02,40,2024-02-22T02:00,5.1,88.0,0.0,13.3,1.5,19.1,3
02/22/2024 03,44,2024-02-22T03:00,4.4,89.0,0.0,9.2,1.4,18.4,3
02/22/2024 04,80,2024-02-22T04:00,3.9,90.0,0.0,10.5,0.6,14.0,3
02/22/2024 05,160,2024-02-22T05:00,3.7,91.0,0.1,9.3,0.6,14.8,51
02/22/2024 06,400,2024-02-22T06:00,3.8,90.0,0.1,10.5,0.5,13.7,51
02/22/2024 07,853,2024-02-22T07:00,4.7,87.0,0.0,11.6,1.4,16.6,3
02/22/2024 08,1253,2024-02-22T08:00,4.9,84.0,0.0,13.7,1.1,20.9,3
02/22/2024 09,1332,2024-02-22T09:00,6.2,82.0,0.0,14.3,2.6,22.7,3
02/22/2024 10,1163,2024-02-22T10:00,6.9,82.0,0.0,14.2,3.4,23.8,3
02/22/2024 11,1145,2024-02-22T11:00,7.3,79.0,0.0,13.6,3.9,24.1,3
02/22/2024 12,1230,2024-02-22T12:00,7.4,75.0,0.0,15.7,3.5,26.3,3
02/22/2024 13,1211,2024-02-22T13:00,7.3,73.0,0.0,14.0,3.6,27.0,3
02/22/2024 14,1247,2024-02-22T14:00,7.8,69.0,0.0,11.7,4.4,24.8,2
02/22/2024 15,1252,2024-02-22T15:00,8.2,69.0,0.0,9.6,5.1,22.0,3
02/22/2024 16,1426,2024-02-22T16:00,7.6,75.0,0.0,6.7,5.0,18.7,3
02/22/2024 17,1545,2024-02-22T17:00,6.3,81.0,0.0,3.8,4.2,13.3,3
02/22/2024 18,1622,2024-02-22T18:00,5.5,77.0,0.0,1.8,3.3,6.5,3
02/22/2024 19,1335,2024-02-22T19:00,4.9,80.0,0.0,8.5,1.8,10.8,3
02/22/2024 20,1066,2024-02-22T20:00,4.7,78.0,0.0,12.0,1.0,15.1,3
02/22/2024 21,729,2024-02-22T21:00,5.1,79.0,0.0,13.2,1.3,16.9,0
02/22/2024 22,573,2024-02-22T22:00,5.5,74.0,0.0,15.1,1.4,19.4,0
02/22/2024 23,325,2024-02-22T23:00,5.6,72.0,0.0,17.3,1.0,22.7,0
02/23/2024 00,242,2024-02-23T00:00,5.8,70.0,0.0,21.7,0.6,29.5,0
02/23/2024 01,128,2024-02-23T01:00,5.4,71.0,0.0,21.4,0.2,30.6,0
02/23/2024 02,55,2024-02-23T02:00,4.5,72.0,0.0,20.6,-0.7,29.5,0
02/23/2024 03,59,2024-02-23T03:00,3.5,73.0,0.0,19.4,-1.6,28.4,0
02/23/2024 04,89,2024-02-23T04:00,2.6,75.0,0.0,18.9,-2.6,27.0,0
02/23/2024 05,180,2024-02-23T05:00,1.7,76.0,0.0,18.0,-3.4,25.9,0
02/23/2024 06,320,2024-02-23T06:00,0.9,77.0,0.0,17.4,-4.2,24.8,1
02/23/2024 07,673,2024-02-23T07:00,1.1,78.0,0.0,16.7,-3.8,23.4,1
02/23/2024 08,1006,2024-02-23T08:00,2.5,74.0,0.0,13.5,-1.9,23.0,2
02/23/2024 09,1040,2024-02-23T09:00,4.1,67.0,0.0,14.1,-0.3,23.4,1
02/23/2024 10,981,2024-02-23T10:00,5.9,61.0,0.0,13.2,1.6,24.1,1
02/23/2024 11,1039,2024-02-23T11:00,7.1,57.0,0.0,11.3,3.2,23.8,0
02/23/2024 12,1081,2024-02-23T12:00,7.7,56.0,0.0,11.2,4.2,22.0,1
02/23/2024 13,1209,2024-02-23T13:00,6.2,68.0,0.0,21.3,1.4,33.5,2
02/23/2024 14,1311,2024-02-23T14:00,3.9,75.0,0.0,21.2,-1.4,39.2,3
02/23/2024 15,1290,2024-02-23T15:00,3.4,79.0,0.0,27.5,-2.8,41.8,3
02/23/2024 16,1354,2024-02-23T16:00,1.3,82.0,0.0,25.6,-4.8,43.9,3
02/23/2024 17,1591,2024-02-23T17:00,0.9,81.0,0.1,27.7,-5.6,40.7,51
02/23/2024 18,1635,2024-02-23T18:00,0.1,82.0,0.1,31.0,-6.9,44.6,71
02/23/2024 19,1463,2024-02-23T19:00,-0.6,86.0,0.2,33.0,-8.0,47.5,71
02/23/2024 20,924,2024-02-23T20:00,-1.3,87.0,1.1,36.5,-9.3,52.9,73
02/23/2024 21,714,2024-02-23T21:00,-1.8,83.0,1.0,38.6,-10.2,56.2,73
02/23/2024 22,702,2024-02-23T22:00,-2.2,79.0,0.3,38.8,-10.7,56.5,73
02/23/2024 23,494,2024-02-23T23:00,-2.5,76.0,0.1,38.0,-11.0,56.5,71
02/24/2024 00,314,2024-02-24T00:00,-2.9,74.0,0.1,37.1,-11.3,55.1,71
02/24/2024 01,187,2024-02-24T01:00,-3.1,71.0,0.1,35.9,-11.4,54.0,71
02/24/2024 02,130,2024-02-24T02:00,-3.5,67.0,0.0,36.1,-11.9,53.3,3
02/24/2024 03,106,2024-02-24T03:00,-3.9,68.0,0.0,35.3,-12.2,52.9,3
02/24/2024 04,84,2024-02-24T04:00,-4.1,64.0,0.0,32.8,-12.1,50.8,3
02/24/2024 05,95,2024-02-24T05:00,-4.2,60.0,0.0,31.2,-12.1,47.2,3
02/24/2024 06,208,2024-02-24T06:00,-4.5,62.0,0.0,26.5,-11.7,45.4,3
02/24/2024 07,288,2024-02-24T07:00,-5.1,62.0,0.0,24.2,-12.0,38.5,1
02/24/2024 08,458,2024-02-24T08:00,-4.4,57.0,0.0,22.1,-11.0,35.3,1
02/24/2024 09,592,2024-02-24T09:00,-3.8,60.0,0.0,18.5,-9.8,33.5,3
02/24/2024 10,726,2024-02-24T10:00,-3.5,64.0,0.0,14.1,-8.8,30.2,2
02/24/2024 11,833,2024-02-24T11:00,-3.3,65.0,0.0,10.1,-7.9,25.9,3
02/24/2024 12,815,2024-02-24T12:00,-3.0,66.0,0.0,6.4,-6.5,21.6,3
02/24/2024 13,822,2024-02-24T13:00,-2.5,66.0,0.0,3.7,-5.5,18.0,3
02/24/2024 14,884,2024-02-24T14:00,-1.9,63.0,0.0,3.0,-5.2,15.1,2
02/24/2024 15,871,2024-02-24T15:00,-1.3,62.0,0.0,8.6,-5.7,18.0,1
02/24/2024 16,946,2024-02-24T16:00,-1.3,62.0,0.0,14.8,-6.5,24.8,0
02/24/2024 17,951,2024-02-24T17:00,-1.6,66.0,0.0,15.8,-6.9,25.2,1
02/24/2024 18,1049,2024-02-24T18:00,-2.1,74.0,0.0,13.3,-6.9,23.8,2
02/24/2024 19,937,2024-02-24T19:00,-2.2,76.0,0.0,13.8,-7.1,21.2,3
02/24/2024 20,727,2024-02-24T20:00,-2.0,70.0,0.0,16.3,-7.3,22.7,3
02/24/2024 21,635,2024-02-24T21:00,-1.8,68.0,0.0,19.8,-7.7,28.1,3
02/24/2024 22,560,2024-02-24T22:00,-1.7,66.0,0.0,21.9,-7.9,31.0,3
02/24/2024 23,517,2024-02-24T23:00,-1.8,66.0,0.0,22.0,-8.1,31.7,2
02/25/2024 00,385,2024-02-25T00:00,-2.0,65.0,0.0,21.3,-8.2,31.3,0
02/25/2024 01,258,2024-02-25T01:00,-2.0,63.0,0.0,20.8,-8.2,30.2,0
02/25/2024 02,162,2024-02-25T02:00,-2.0,60.0,0.0,21.5,-8.3,31.0,0
02/25/2024 03,115,2024-02-25T03:00,-1.9,59.0,0.0,22.4,-8.3,32.0,0
02/25/2024 04,116,2024-02-25T04:00,-1.7,58.0,0.0,22.5,-8.2,32.4,0
02/25/2024 05,154,2024-02-25T05:00,-1.5,58.0,0.0,23.1,-8.0,33.1,1
02/25/2024 06,202,2024-02-25T06:00,-1.2,58.0,0.0,23.9,-7.8,33.8,3
02/25/2024 07,264,2024-02-25T07:00,-0.3,62.0,0.0,23.5,-6.7,35.6,2
02/25/2024 08,396,2024-02-25T08:00,1.5,61.0,0.0,20.6,-4.4,34.2,3
02/25/2024 09,564,2024-02-25T09:00,3.3,62.0,0.0,21.1,-2.4,31.3,3
02/25/2024 10,626,2024-02-25T10:00,5.6,59.0,0.0,24.4,-0.4,36.4,1
02/25/2024 11,711,2024-02-25T11:00,8.3,55.0,0.0,26.2,2.4,40.7,0
02/25/2024 12,667,2024-02-25T12:00,10.4,53.0,0.0,24.7,5.3,40.7,1
02/25/2024 13,754,2024-02-25T13:00,12.0,51.0,0.0,22.7,7.4,38.5,1
02/25/2024 14,733,2024-02-25T14:00,13.1,50.0,0.0,21.3,8.4,36.0,1
02/25/2024 15,744,2024-02-25T15:00,13.6,49.0,0.0,19.3,9.2,33.1,1
02/25/2024 16,710,2024-02-25T16:00,13.4,52.0,0.0,16.6,9.5,29.9,2
02/25/2024 17,796,2024-02-25T17:00,11.5,61.0,0.0,14.6,8.0,23.8,2
02/25/2024 18,772,2024-02-25T18:00,8.9,69.0,0.0,15.1,5.2,19.4,2
02/25/2024 19,699,2024-02-25T19:00,9.3,65.0,0.0,14.1,5.6,18.4,3
02/25/2024 20,692,2024-02-25T20:00,8.0,71.0,0.0,14.5,4.3,19.1,2
02/25/2024 21,467,2024-02-25T21:00,6.8,76.0,0.0,13.3,3.2,19.1,3
02/25/2024 22,380,2024-02-25T22:00,5.9,81.0,0.0,10.9,2.7,17.3,3
02/25/2024 23,349,2024-02-25T23:00,6.1,81.0,0.0,9.3,3.1,13.3,3
02/26/2024 00,231,2024-02-26T00:00,5.5,84.0,0.0,9.1,2.6,13.3,3
02/26/2024 01,74,2024-02-26T01:00,4.4,86.0,0.0,5.9,1.8,10.8,3
02/26/2024 02,45,2024-02-26T02:00,3.0,86.0,0.0,11.3,-0.6,13.0,2
02/26/2024 03,44,2024-02-26T03:00,2.2,87.0,0.0,12.7,-1.8,16.2,1
02/26/2024 04,72,2024-02-26T04:00,1.9,87.0,0.0,14.9,-2.4,19.8,0
02/26/2024 05,214,2024-02-26T05:00,1.9,88.0,0.0,16.1,-2.6,22.0,0
02/26/2024 06,362,2024-02-26T06:00,1.9,88.0,0.0,15.1,-2.4,22.0,0
02/26/2024 07,627,2024-02-26T07:00,2.3,87.0,0.0,14.1,-1.8,20.2,0
02/26/2024 08,916,2024-02-26T08:00,4.2,82.0,0.0,13.7,0.3,20.5,0
02/26/2024 09,1012,2024-02-26T09:00,5.4,82.0,0.0,14.9,1.5,24.5,1
02/26/2024 10,1001,2024-02-26T10:00,6.9,79.0,0.0,14.7,3.2,26.3,3
02/26/2024 11,953,2024-02-26T11:00,9.4,73.0,0.0,14.6,6.0,25.9,3
02/26/2024 12,967,2024-02-26T12:00,12.9,67.0,0.0,19.1,9.5,31.0,3
02/26/2024 13,1018,2024-02-26T13:00,15.1,63.0,0.0,19.5,11.8,31.3,1
02/26/2024 14,1081,2024-02-26T14:00,17.5,56.0,0.0,22.7,13.9,34.6,0
02/26/2024 15,1047,2024-02-26T15:00,18.3,51.0,0.0,26.3,13.9,40.0,2
02/26/2024 16,1121,2024-02-26T16:00,17.5,52.0,0.0,24.8,13.2,38.9,1
02/26/2024 17,1049,2024-02-26T17:00,15.7,59.0,0.0,22.8,11.7,34.9,2
02/26/2024 18,981,2024-02-26T18:00,13.7,66.0,0.0,24.1,9.5,33.1,3
02/26/2024 19,868,2024-02-26T19:00,14.0,59.0,0.0,27.1,9.0,37.8,3
02/26/2024 20,746,2024-02-26T20:00,13.7,58.0,0.0,24.5,9.1,38.2,3
02/26/2024 21,485,2024-02-26T21:00,13.7,58.0,0.0,25.3,8.9,34.9,3
02/26/2024 22,340,2024-02-26T22:00,13.9,63.0,0.0,26.5,9.2,36.7,3
02/26/2024 23,269,2024-02-26T23:00,14.0,72.0,0.0,28.1,9.7,39.6,0
02/27/2024 00,214,2024-02-27T00:00,13.5,81.0,0.0,27.9,9.5,40.3,1
02/27/2024 01,123,2024-02-27T01:00,12.8,86.0,0.0,24.9,9.4,39.2,3
02/27/2024 02,44,2024-02-27T02:00,12.3,91.0,0.0,23.7,9.1,34.9,3
02/27/2024 03,34,2024-02-27T03:00,11.6,94.0,0.0,22.0,8.5,33.1,1
02/27/2024 04,78,2024-02-27T04:00,10.8,95.0,0.0,22.6,7.5,31.7,0
02/27/2024 05,153,2024-02-27T05:00,10.6,94.0,0.0,22.8,7.2,32.8,0
02/27/2024 06,302,2024-02-27T06:00,10.2,94.0,0.0,21.7,6.9,32.4,0
02/27/2024 07,756,2024-02-27T07:00,10.6,93.0,0.0,19.7,7.5,29.5,0
02/27/2024 08,1181,2024-02-27T08:00,12.3,88.0,0.0,19.6,9.5,28.4,0
02/27/2024 09,1152,2024-02-27T09:00,14.4,86.0,0.0,22.7,11.7,33.5,0
02/27/2024 10,915,2024-02-27T10:00,16.3,81.0,0.0,26.6,13.4,40.3,1
02/27/2024 11,999,2024-02-27T11:00,18.1,72.0,0.0,27.5,15.0,45.7,0
02/27/2024 12,966,2024-02-27T12:00,19.7,69.0,0.0,26.9,17.4,42.5,0
02/27/2024 13,1021,2024-02-27T13:00,20.9,66.0,0.0,25.6,18.9,41.4,3
02/27/2024 14,1101,2024-02-27T14:00,21.4,63.0,0.0,24.0,19.3,39.6,3
02/27/2024 15,1111,2024-02-27T15:00,21.4,64.0,0.0,21.5,19.7,36.4,3
02/27/2024 16,1160,2024-02-27T16:00,21.2,64.0,0.0,20.6,19.5,31.3,3
02/27/2024 17,1196,2024-02-27T17:00,19.1,74.0,0.0,11.9,18.7,28.8,3
02/27/2024 18,1047,2024-02-27T18:00,13.2,91.0,5.4,10.5,12.2,42.5,63
02/27/2024 19,853,2024-02-27T19:00,11.8,94.0,0.0,15.8,9.8,21.6,2
02/27/2024 20,650,2024-02-27T20:00,10.0,98.0,0.2,19.9,7.0,30.2,51
02/27/2024 21,515,2024-02-27T21:00,11.2,95.0,0.0,13.8,9.2,28.4,1
02/27/2024 22,524,2024-02-27T22:00,11.6,90.0,0.0,17.8,9.0,23.8,0
02/27/2024 23,451,2024-02-27T23:00,11.1,91.0,0.0,21.7,7.9,29.9,0
02/28/2024 00,331,2024-02-28T00:00,10.1,93.0,0.0,25.4,6.1,36.0,1
02/28/2024 01,182,2024-02-28T01:00,7.1,80.0,0.0,30.3,1.2,43.6,3
02/28/2024 02,84,2024-02-28T02:00,4.6,71.0,0.1,31.7,-2.2,46.4,51
02/28/2024 03,51,2024-02-28T03:00,2.5,70.0,0.1,32.5,-4.8,46.8,51
02/28/2024 04,78,2024-02-28T04:00,0.0,65.0,0.0,32.4,-7.6,47.5,1
02/28/2024 05,154,2024-02-28T05:00,-2.0,63.0,0.0,32.2,-9.8,47.5,2
02/28/2024 06,352,2024-02-28T06:00,-3.3,63.0,0.0,33.2,-11.3,48.6,3
02/28/2024 07,849,2024-02-28T07:00,-3.0,68.0,0.1,35.0,-11.2,51.1,71
02/28/2024 08,1275,2024-02-28T08:00,-4.7,59.0,0.0,36.6,-13.4,54.4,1
02/28/2024 09,1230,2024-02-28T09:00,-5.6,51.0,0.0,37.4,-14.6,56.2,0
02/28/2024 10,1101,2024-02-28T10:00,-5.7,48.0,0.0,36.1,-14.5,56.9,0
02/28/2024 11,1105,2024-02-28T11:00,-4.7,43.0,0.0,33.6,-12.9,55.8,0
02/28/2024 12,1129,2024-02-28T12:00,-3.5,42.0,0.0,31.7,-11.1,52.6,0
02/28/2024 13,1144,2024-02-28T13:00,-2.3,40.0,0.0,29.5,-9.5,50.0,0
02/28/2024 14,1113,2024-02-28T14:00,-1.3,37.0,0.0,29.2,-8.8,47.5,0
02/28/2024 15,1221,2024-02-28T15:00,-0.9,35.0,0.0,28.6,-8.7,46.4,0
02/28/2024 16,1294,2024-02-28T16:00,-1.2,35.0,0.0,27.6,-8.8,44.6,0
02/28/2024 17,1444,2024-02-28T17:00,-1.9,36.0,0.0,26.6,-9.4,42.1,0
02/28/2024 18,1312,2024-02-28T18:00,-2.8,41.0,0.0,22.2,-9.6,38.9,0
02/28/2024 19,1032,2024-02-28T19:00,-3.2,44.0,0.0,19.8,-9.6,31.7,0
02/28/2024 20,870,2024-02-28T20:00,-3.8,47.0,0.0,18.6,-10.1,28.1,0
02/28/2024 21,651,2024-02-28T21:00,-4.3,43.0,0.0,20.7,-11.0,29.2,0
02/28/2024 22,467,2024-02-28T22:00,-4.7,38.0,0.0,23.0,-11.7,32.4,0
02/28/2024 23,361,2024-02-28T23:00,-5.2,36.0,0.0,22.7,-12.2,32.8,0
02/29/2024 00,228,2024-02-29T00:00,-5.6,35.0,0.0,21.3,-12.5,32.0,0
02/29/2024 01,96,2024-02-29T01:00,-5.9,33.0,0.0,20.3,-12.6,29.9,0
02/29/2024 02,38,2024-02-29T02:00,-6.1,34.0,0.0,17.5,-12.4,28.8,0
02/29/2024 03,39,2024-02-29T03:00,-6.2,35.0,0.0,15.0,-12.2,24.8,0
02/29/2024 04,91,2024-02-29T04:00,-6.4,36.0,0.0,11.7,-11.9,20.5,0
02/29/2024 05,169,2024-02-29T05:00,-6.8,39.0,0.0,9.3,-12.0,16.2,0
02/29/2024 06,370,2024-02-29T06:00,-7.1,39.0,0.0,8.5,-12.1,11.9,0
02/29/2024 07,814,2024-02-29T07:00,-6.9,42.0,0.0,6.6,-11.6,10.8,0
02/29/2024 08,1121,2024-02-29T08:00,-5.3,33.0,0.0,7.2,-10.2,14.4,0
02/29/2024 09,1123,2024-02-29T09:00,-4.0,28.0,0.0,4.4,-8.4,14.8,0
02/29/2024 10,984,2024-02-29T10:00,-2.3,33.0,0.0,7.9,-7.1,18.0,0
02/29/2024 11,1084,2024-02-29T11:00,0.0,31.0,0.0,13.7,-5.3,25.2,1
02/29/2024 12,1093,2024-02-29T12:00,2.3,27.0,0.0,17.8,-3.3,31.0,1
02/29/2024 13,1165,2024-02-29T13:00,3.7,27.0,0.0,19.3,-2.1,32.8,2
02/29/2024 14,1195,2024-02-29T14:00,4.6,28.0,0.0,21.7,-1.7,34.9,0
02/29/2024 15,1312,2024-02-29T15:00,5.3,28.0,0.0,23.5,-1.5,36.7,0
02/29/2024 16,1321,2024-02-29T16:00,5.4,30.0,0.0,24.6,-1.6,37.4,0
02/29/2024 17,1433,2024-02-29T17:00,4.3,39.0,0.0,20.5,-1.9,37.1,0
02/29/2024 18,1319,2024-02-29T18:00,2.4,46.0,0.0,20.2,-3.7,29.5,0
02/29/2024 19,1215,2024-02-29T19:00,2.3,51.0,0.0,22.0,-3.9,30.6,0
02/29/2024 20,978,2024-02-29T20:00,1.9,51.0,0.0,24.5,-4.7,34.2,0
02/29/2024 21,708,2024-02-29T21:00,1.6,52.0,0.0,25.3,-5.1,36.4,0
02/29/2024 22,581,2024-02-29T22:00,1.3,52.0,0.0,25.9,-5.5,37.1,0
02/29/2024 23,449,2024-02-29T23:00,1.0,53.0,0.0,24.6,-5.6,36.7,0
